date,portfolio_value,daily_return,cumulative_return,drawdown
2018-01-02,10000.0,,0.0,0.0
2018-01-03,10015.167839569665,0.0015167839569665276,0.0015167839569665276,0.0
2018-01-04,10012.629648379014,-0.0002534347133578141,0.001262964837901448,-0.0002534347133578141
2018-01-05,10021.134280828592,0.0008493904946293984,0.0021134280828591923,0.0
2018-01-08,10012.29938173381,-0.0008816266549469542,0.0012299381733809067,-0.0008816266549469542
2018-01-09,9955.749521648591,-0.005648039269419702,-0.004425047835140861,-0.006524686462398566
2018-01-10,9940.722815455689,-0.001509349563307838,-0.005927718454431075,-0.008024187993043608
2018-01-11,9989.590451935703,0.0049159037413291085,-0.0010409548064297391,-0.0031477303874907214
2018-01-12,10008.869889916974,0.0019299527917620019,0.0008869889916973683,-0.0012238525667778166
2018-01-16,10000.294101410158,-0.0008568188617833483,2.9410141015873137e-05,-0.0020796228085979696
2018-01-17,10017.235065871984,0.001694046624032497,0.0017235065871983313,-0.00038909916256357757
2018-01-18,9953.229370045348,-0.006389557138845481,-0.00467706299546522,-0.0067761701300772526
2018-01-19,9965.019401685735,0.0011845433478976375,-0.003498059831426481,-0.005599653449431363
2018-01-22,9933.114884956263,-0.003201651240545944,-0.006688511504373662,-0.008783376552564337
2018-01-23,9974.18092127697,0.004134255648537977,-0.0025819078723030575,-0.0046854336281521025
2018-01-24,9981.775662216629,0.0007614400620563622,-0.0018224337783371292,-0.003927561242968225
2018-01-25,9996.170282490253,0.0014420901411471565,-0.00038297175097468106,-0.0024911349991684206
2018-01-26,9973.891846838631,-0.0022286970931904015,-0.0026108153161369385,-0.004714280107027458
2018-01-29,9913.3422906122,-0.006070805374295607,-0.00866577093878007,-0.010756466004313348
2018-01-30,9855.086513710243,-0.005876502111414439,-0.01449134862897572,-0.016569757720542144
2018-01-31,9865.945552083584,0.0011018714405230945,-0.01340544479164163,-0.015486144022827775
2018-02-01,9790.636055479767,-0.0076332771356023565,-0.020936394452023332,-0.023001211129341947
2018-02-02,9661.49397551913,-0.013190366716609447,-0.03385060244808702,-0.03588818343622924
2018-02-05,9624.435878052804,-0.00383564876821596,-0.03755641219471961,-0.039586177737854555
2018-02-06,9635.49590561438,0.0011491611250480371,-0.03645040943856204,-0.038482507509352115
2018-02-07,9582.19581389681,-0.005531639703828195,-0.041780418610319114,-0.04380127584673865
2018-02-08,9548.651633449897,-0.0035006778298418695,-0.04513483665501028,-0.04714861952130511
2018-02-09,9511.71833894064,-0.0038679067921879584,-0.04882816610593599,-0.05083415984780426
2018-02-12,9546.722694771155,0.0036801295605242146,-0.045327730522884524,-0.047341106581620385
2018-02-13,9551.713213884457,0.0005227468391886259,-0.04482867861155426,-0.046843107156261055
2018-02-14,9536.375230271173,-0.0016057835144159815,-0.04636247697288276,-0.04837367078144139
2018-02-15,9551.854592030173,0.0016231913473647719,-0.04481454079698266,-0.04682899915792926
2018-02-16,9596.472394640437,0.004671114094166873,-0.04035276053595627,-0.04237662866174485
2018-02-20,9477.264126201511,-0.012422092570755772,-0.052273587379848885,-0.05427231482842787
2018-02-21,9443.498341991106,-0.0035628197927980443,-0.05565016580088944,-0.05764177214375421
2018-02-22,9419.871267959272,-0.0025019408249138397,-0.05801287320407278,-0.05999949666572124
2018-02-23,9478.355010137926,0.006208550044370709,-0.05216449898620745,-0.054163456499036755
2018-02-26,9493.784749372966,0.0016278920992658374,-0.050621525062703454,-0.052623736662674725
2018-02-27,9413.882146754217,-0.008416306534022366,-0.058611785324578336,-0.06059714569797825
2018-02-28,9380.95799694397,-0.0034974040780401117,-0.06190420030560306,-0.06388261707153675
2018-03-01,9402.790786577074,0.0023273518163302587,-0.059720921342292566,-0.06170394258007994
2018-03-02,9366.291219364542,-0.003881780211959618,-0.0633708780635458,-0.06534620164873228
2018-03-05,9357.925088709777,-0.0008932170118166605,-0.06420749112902235,-0.06618105032157873
2018-03-06,9389.883719720896,0.0034151407184992433,-0.06101162802791038,-0.06299192720282576
2018-03-07,9379.858711744966,-0.0010676392035479099,-0.06201412882550339,-0.06399231375538483
2018-03-08,9400.829519252105,0.0022357274402098337,-0.05991704807478948,-0.0618996556870004
2018-03-09,9407.43309515506,0.0007024460862130599,-0.059256690484494,-0.06124069077166261
2018-03-12,9434.551182575322,0.0028826234686938346,-0.056544881742467856,-0.05853460115542619
2018-03-13,9451.653951382697,0.0018127803301297707,-0.05483460486173031,-0.05682793119890284
2018-03-14,9475.254971155873,0.002497025377206308,-0.05247450288441269,-0.05447280660803433
2018-03-15,9448.387646554067,-0.0028355252374310247,-0.055161235344593273,-0.05715387282757456
2018-03-16,9432.698765794032,-0.0016604823327456275,-0.0567301234205968,-0.058719452164242014
2018-03-19,9428.738173113674,-0.00041987905886708976,-0.057126182688632565,-0.05911467615479715
2018-03-20,9418.928903276677,-0.0010403587051518448,-0.058107109672332236,-0.06009353439200915
2018-03-21,9465.216038832148,0.004914267432188479,-0.053478396116785176,-0.05547458265876848
2018-03-22,9447.190371056276,-0.001904411658637195,-0.05528096289437234,-0.05727334787543226
2018-03-23,9417.412822224784,-0.0031520005061741463,-0.058258717777521674,-0.06024482276011267
2018-03-26,9435.23617140287,0.0018925950804689062,-0.056476382859713015,-0.05846624673482337
2018-03-27,9482.368379562718,0.004995339523423903,-0.051763162043728106,-0.05376296596450014
2018-03-28,9535.576580368765,0.0056112775496810485,-0.04644234196312358,-0.04845336733873995
2018-03-29,9579.460370779376,0.004602111895462668,-0.04205396292206243,-0.044074243261482016
2018-04-02,9585.779542606748,0.0006596584340645695,-0.041422045739325175,-0.043443658773709926
2018-04-03,9585.960312422862,1.8858123672638172e-05,-0.041403968757713794,-0.04342561991592708
2018-04-04,9559.441651298666,-0.00276640631297298,-0.044055834870133315,-0.04607189331981998
2018-04-05,9547.750006877288,-0.0012230467895361086,-0.0452249993122712,-0.0472385920281434
2018-04-06,9582.458391313376,0.003635242272900685,-0.04175416086866246,-0.0437750734818958
2018-04-09,9602.035637410414,0.002043029596119572,-0.03979643625895857,-0.04182147765647193
2018-04-10,9584.533525515895,-0.0018227501495963194,-0.04154664744841052,-0.04356799770141351
2018-04-11,9571.791267851017,-0.001329460388547532,-0.04282087321489836,-0.04483953616280867
2018-04-12,9544.161343947115,-0.0028865990837788624,-0.04558386560528849,-0.04759670148258288
2018-04-13,9532.328939760124,-0.0012397531601343603,-0.04676710602398759,-0.048777446481642284
2018-04-16,9530.27092690334,-0.00021589822065404274,-0.04697290730966597,-0.04898281373839297
2018-04-17,9506.304026354539,-0.0025148183858177964,-0.04936959736454605,-0.051374449243632325
2018-04-18,9481.86292663855,-0.002571041242551253,-0.05181370733614499,-0.053813404658364816
2018-04-19,9453.736898698686,-0.0029662976735138624,-0.05462631013013142,-0.05662007575483674
2018-04-20,9427.472176448215,-0.0027782370645502708,-0.0572527823551785,-0.05924100882632721
2018-04-23,9435.403599276871,0.0008413095981838481,-0.056459640072312856,-0.05844953925747509
2018-04-24,9438.229053222303,0.00029945236742690007,-0.05617709467776966,-0.058167589742953885
2018-04-25,9383.153462387592,-0.005835373407886091,-0.06168465376124077,-0.06366353354445309
2018-04-26,9408.646633413486,0.002716908673409568,-0.05913533665865145,-0.06111959287751034
2018-04-27,9480.962379444492,0.0076860943819685446,-0.051903762055550806,-0.0539032694549858
2018-04-30,9468.201932784612,-0.0013459020455082182,-0.05317980672153877,-0.05517662297987502
2018-05-01,9411.197415913219,-0.006020627493590891,-0.058880258408678166,-0.06086505258014974
2018-05-02,9410.583059329427,-6.527932171018769e-05,-0.05894169406705729,-0.060926358672511616
2018-05-03,9402.893658394274,-0.0008171014364013462,-0.05971063416057254,-0.061693677093727084
2018-05-04,9394.185012206402,-0.0009261666146885839,-0.0605814987793597,-0.06256270508435402
2018-05-07,9356.042417969189,-0.00406023451610249,-0.06439575820308108,-0.06636892034585229
2018-05-08,9353.298065700255,-0.00029332405159498975,-0.06467019342997449,-0.0666427767968315
2018-05-09,9327.313104420427,-0.0027781602914076498,-0.06726868955795728,-0.06923579277203296
2018-05-10,9373.322199064318,0.00493272758497687,-0.06266778009356821,-0.0646445864919305
2018-05-11,9381.45915929998,0.0008680977846333704,-0.061854084070001925,-0.0638326065296193
2018-05-14,9349.555599683603,-0.0034007033527136965,-0.06504444003163967,-0.06701623412329527
2018-05-15,9271.164487655265,-0.008384474662195718,-0.07288355123447343,-0.07483881286852845
2018-05-16,9268.401166527383,-0.00029805545264161015,-0.07315988334726176,-0.0751145622049253
2018-05-17,9247.14559848345,-0.002293337077455937,-0.07528544015165495,-0.07723563627181984
2018-05-18,9280.537920122726,0.003611095043723811,-0.07194620798772744,-0.07390344645143598
2018-05-21,9286.559299125958,0.0006488178869650252,-0.07134407008740418,-0.07330257844243715
2018-05-22,9284.3002142488,-0.0002432639263252323,-0.07156997857511993,-0.07352801049572077
2018-05-23,9293.374244538421,0.0009773520976512629,-0.07066257554615785,-0.07262252115336343
2018-05-24,9288.956092308268,-0.0004754088357896702,-0.07110439076917319,-0.07306340460091942
2018-05-25,9341.908255085124,0.00570055044405926,-0.0658091744914876,-0.0677793557804024
2018-05-29,9362.499659104455,0.002204196771909306,-0.06375003408955449,-0.06572455804570643
2018-05-30,9359.318589075972,-0.00033976717162165215,-0.06406814109240277,-0.06604199417013479
2018-05-31,9326.94514659623,-0.00345895293248466,-0.06730548534037695,-0.0692725109532174
2018-06-01,9311.09129986499,-0.0016997898542403522,-0.06889087001350103,-0.07085455209616187
2018-06-04,9269.311666556578,-0.004487082336848913,-0.07306883334434222,-0.07502370422381466
2018-06-05,9261.251511548695,-0.0008695527022749561,-0.07387484884513051,-0.07582801986134713
2018-06-06,9293.617495556278,0.0034947743258266772,-0.07063825044437222,-0.07259824735251019
2018-06-07,9322.558267924509,0.003114048149933879,-0.06774417320754911,-0.06971027364043281
2018-06-08,9333.916909173115,0.0012184038889504478,-0.06660830908268855,-0.06857680501998575
2018-06-11,9324.177282737497,-0.0010434661600690065,-0.06758227172625031,-0.06954871360465065
2018-06-12,9307.092874848757,-0.0018322697403415633,-0.06929071251512431,-0.07125355134157474
2018-06-13,9272.26525207957,-0.0037420517058881497,-0.0727734747920431,-0.0747289685741146
2018-06-14,9267.846628259429,-0.0004765419991785702,-0.07321533717405715,-0.0751698990812123
2018-06-15,9245.723983211808,-0.002387031846228904,-0.07542760167881912,-0.07737749798445659
2018-06-18,9216.72429384061,-0.003136551493842399,-0.07832757061593898,-0.08027135097140614
2018-06-19,9186.026650845624,-0.0033306456845521026,-0.08139733491543755,-0.0833346412272521
2018-06-20,9146.941976440272,-0.004254796539454264,-0.08530580235597285,-0.08723486582359596
2018-06-21,9138.415045238693,-0.0009322166056745518,-0.08615849547613075,-0.08808576063875595
2018-06-22,9178.50388151596,0.004386847837268615,-0.08214961184840397,-0.08408533163003962
2018-06-25,9167.853423800254,-0.0011603696913126127,-0.0832146576199746,-0.08514813125104481
2018-06-26,9166.809882763862,-0.00011382610390375802,-0.08331901172361378,-0.08525226527491359
2018-06-27,9179.604659727585,0.0013957720436397203,-0.08203953402724151,-0.08397548595980142
2018-06-28,9181.85212669748,0.00024483265382380104,-0.08181478733025194,-0.08375121324706125
2018-06-29,9206.42461629989,0.0026762018450461333,-0.07935753837001103,-0.08129914655343173
2018-07-02,9155.261276045869,-0.005557351782736197,-0.08447387239541315,-0.08640469037913434
2018-07-03,9193.866344979451,0.004216708597338359,-0.08061336550205489,-0.08255232518256783
2018-07-05,9196.729980254087,0.0003114723628976357,-0.0803270019745913,-0.08226656558745749
2018-07-06,9201.591013631409,0.0005285610633081195,-0.07984089863685917,-0.081781487427531
2018-07-09,9220.713713149746,0.002078194900208885,-0.07792862868502548,-0.07987325039742543
2018-07-10,9228.876720931623,0.0008852902319520517,-0.07711232790683775,-0.07905867117384457
2018-07-11,9194.073474885443,-0.0037711248181746537,-0.08059265251145575,-0.08253165587506361
2018-07-12,9190.007316325731,-0.000442258653992611,-0.08099926836742688,-0.0829374141900171
2018-07-13,9214.045329566414,0.002615668564047713,-0.07859546704335862,-0.08053868241304962
2018-07-16,9202.354259532425,-0.0012688313998709955,-0.07976457404675752,-0.08170532380377071
2018-07-17,9199.788936304842,-0.0002787681451109636,-0.08002110636951587,-0.08196131510731908
2018-07-18,9184.94857824071,-0.0016131194059862963,-0.08150514217592897,-0.0834422211253657
2018-07-19,9190.086772050852,0.0005594145428657882,-0.08099132279491472,-0.08292948537448641
2018-07-20,9162.093918775317,-0.0030459835657555834,-0.0837906081224683,-0.08572286709067478
2018-07-23,9082.96846261503,-0.008636176059944156,-0.09170315373849702,-0.09361872537806071
2018-07-24,9122.915812429208,0.004398050040424373,-0.08770841875707924,-0.08963241517656972
2018-07-25,9100.441234144633,-0.0024635301636736218,-0.08995587658553672,-0.09187513318181295
2018-07-26,9096.394415498988,-0.00044468378417328314,-0.09036055845010127,-0.09227896158409155
2018-07-27,9155.27395512264,0.00647284373722079,-0.08447260448773597,-0.08640342514543753
2018-07-30,9172.368521859058,0.0018671824371625512,-0.08276314781409422,-0.08469757366621711
2018-07-31,9195.230628351044,0.002492497596177312,-0.08047693716489557,-0.08241618456880495
2018-08-01,9139.747291710828,-0.006033925507985427,-0.0860252708289172,-0.08795281695844981
2018-08-02,9076.331995097491,-0.0069384080969996376,-0.09236680049025092,-0.09428097251811107
2018-08-03,9136.59672481064,0.006639767005625297,-0.08634032751893594,-0.08826720920306974
2018-08-06,9114.377528618232,-0.002431889779273333,-0.08856224713817684,-0.09048444285843715
2018-08-07,9125.395867357847,0.0012088964611152164,-0.08746041326421528,-0.0893849327200793
2018-08-08,9135.031327357481,0.0010558950142756096,-0.08649686726425188,-0.08842341881061433
2018-08-09,9158.600884161035,0.002580128732888598,-0.08413991158389655,-0.08607143388125915
2018-08-10,9123.76077482801,-0.0038040864291049026,-0.08762392251719897,-0.08954809713680267
2018-08-13,9058.024696729679,-0.0072049322336128485,-0.09419753032703215,-0.09610784139889583
2018-08-14,9081.293530498395,0.002568864023644979,-0.09187064695016056,-0.09378586535141076
2018-08-15,9063.206827694305,-0.001991643893389017,-0.09367931723056955,-0.09559072119878642
2018-08-16,9105.155593294685,0.004628468311260292,-0.08948444067053152,-0.09140469151144537
2018-08-17,9141.057991133051,0.003943084494328231,-0.08589420088669486,-0.08782202343892465
2018-08-20,9186.537874832109,0.004975341338297357,-0.08134621251678908,-0.08328362664425593
2018-08-21,9218.661802347231,0.003496848100210892,-0.07813381976527689,-0.08007800873565474
2018-08-22,9229.299027106248,0.0011538794878349634,-0.0770700972893752,-0.07901652961952643
2018-08-23,9198.655558145274,-0.0033202379585898223,-0.08013444418547255,-0.08207441389711745
2018-08-24,9233.13098772077,0.0037478769976302395,-0.0766869012279231,-0.07863414170742622
2018-08-27,9234.708892093287,0.0001708959154393952,-0.07652911079067126,-0.0784766840456188
2018-08-28,9193.599877652674,-0.004451576646429034,-0.0806400122347326,-0.0825789157180612
2018-08-29,9177.403547793689,-0.0017616961880573268,-0.08225964522063112,-0.08419513294508407
2018-08-30,9143.200385051885,-0.0037268888268541245,-0.0856799614948115,-0.08760823587168964
2018-08-31,9138.911242383216,-0.00046910736810290565,-0.08610887576167847,-0.08803624557083867
2018-09-04,9090.964002500155,-0.005246493658970786,-0.09090359974998441,-0.0928208576256625
2018-09-05,9084.620870817991,-0.000697740270494962,-0.0915379129182009,-0.09345383304585009
2018-09-06,9114.713427410605,0.0033124724763449187,-0.08852865725893955,-0.09045092381927844
2018-09-07,9058.228643717513,-0.006197099244308113,-0.0941771356282487,-0.09608748971193914
2018-09-10,9051.301539594415,-0.000764730544520198,-0.09486984604055848,-0.0967787392181304
2018-09-11,9020.193832643565,-0.0034368214134476993,-0.09798061673564351,-0.0998829493882667
2018-09-12,9039.802737323173,0.0021738895020908533,-0.09601972626768274,-0.09792619438128902
2018-09-13,9045.105546642244,0.0005866067516249185,-0.09548944533577564,-0.09739703179644899
2018-09-14,9053.159854938349,0.000890460399226134,-0.09468401450616515,-0.09659329959703988
2018-09-17,9035.251668753777,-0.001978114434244005,-0.09647483312462224,-0.09838034143109964
2018-09-18,8988.598987438167,-0.0051634069559952644,-0.10114010125618333,-0.10303577064781633
2018-09-19,8990.912064333364,0.000257334529933928,-0.1009087935666636,-0.10280495077948837
2018-09-20,9042.234045810274,0.00570820636545899,-0.09577659541897265,-0.09768357628846969
2018-09-21,9025.404815163509,-0.0018611806066403114,-0.09745951848364909,-0.09936295011733454
2018-09-24,8964.697820384561,-0.0067262351132388876,-0.10353021796154394,-0.10542084666653917
2018-09-25,8967.884241730408,0.00035544102095674823,-0.10321157582695928,-0.10510287653895167
2018-09-26,8977.739720134077,0.0010989747568115327,-0.1022260279865923,-0.10411940719032475
2018-09-27,8958.641971693936,-0.0021272334725087605,-0.10413580283060642,-0.10602515437472049
2018-09-28,8910.74676924902,-0.00534625701040925,-0.10892532307509795,-0.11080457366027419
2018-10-01,8874.446917185274,-0.004073716042410469,-0.11255530828147253,-0.11442690333339234
2018-10-02,8872.959362141968,-0.00016762228195044138,-0.11270406378580322,-0.11457534511668943
2018-10-03,8786.623164946253,-0.009730259507789829,-0.12133768350537466,-0.12319075678329938
2018-10-04,8722.532855369054,-0.007294077414504829,-0.1277467144630946,-0.12958627128107536
2018-10-05,8678.787349624354,-0.005015229689593337,-0.1321212650375646,-0.13395159605557616
2018-10-08,8686.099237658591,0.0008425011167665364,-0.1313900762341409,-0.13322194930807918
2018-10-09,8669.061862156024,-0.0019614530108867934,-0.13309381378439755,-0.13492209372537933
2018-10-10,8666.45126119608,-0.0003011399620229671,-0.13335487388039202,-0.13518260325322184
2018-10-11,8633.068620068925,-0.0038519389449087615,-0.13669313799310745,-0.1385138270639853
2018-10-12,8620.804199140868,-0.001420632855801296,-0.1379195800859132,-0.13973768262607678
2018-10-15,8630.853256927505,0.001165675214806372,-0.13691467430724946,-0.1387348961644821
2018-10-16,8648.588449124929,0.0020548596609715197,-0.13514115508750713,-0.1369651172452081
2018-10-17,8601.201804985216,-0.005479118866444366,-0.13987981950147843,-0.14169378795370957
2018-10-18,8577.47154715988,-0.0027589467569034687,-0.14225284528401205,-0.1440618090938648
2018-10-19,8562.426099087685,-0.0017540656345489403,-0.14375739009123156,-0.14556318085983122
2018-10-22,8507.506964363805,-0.006413968901843203,-0.14924930356361943,-0.1510435120463861
2018-10-23,8491.551865173713,-0.0018754141791390566,-0.15084481348262868,-0.1526356570813665
2018-10-24,8517.629574592645,0.00307101809339283,-0.14823704254073544,-0.1500333858525673
2018-10-25,8516.714024289722,-0.00010748886117972756,-0.1483285975710278,-0.15012474779596285
2018-10-26,8491.422934273693,-0.0029695830978825333,-0.15085770657263076,-0.15264852298021658
2018-10-29,8526.593361129337,0.0041418767063983175,-0.14734066388706635,-0.1491388976354161
2018-10-30,8558.621300572528,0.0037562409847289313,-0.14413786994274724,-0.14594285829040277
2018-10-31,8531.041282333033,-0.0032224837705635556,-0.1468958717666966,-0.14869504356869578
2018-11-01,8602.950684753117,0.008429147162726913,-0.13970493152468821,-0.14151926881057741
2018-11-02,8593.165600102047,-0.0011374102920771456,-0.14068343998979527,-0.1424957136297822
2018-11-05,8638.309316609775,0.005253444261238416,-0.13616906833902254,-0.13799086265756322
2018-11-06,8618.637113248325,-0.0022773210173920866,-0.13813628867516747,-0.13995393418321722
2018-11-07,8625.532858884779,0.0008000969928125823,-0.1374467141115221,-0.13926581391227688
2018-11-08,8598.89298582428,-0.003088490125344401,-0.1401107014175721,-0.14192418294655518
2018-11-09,8601.664817239433,0.000322347471904072,-0.13983351827605672,-0.14164758437622604
2018-11-12,8628.337019897575,0.003100818646721404,-0.1371662980102425,-0.1389859892004015
2018-11-13,8661.373198961664,0.0038288002645128216,-0.1338626801038335,-0.13568933852810283
2018-11-14,8674.830943346353,0.0015537656761288599,-0.13251690566536467,-0.13434640228879569
2018-11-15,8664.970101966184,-0.0011367185648420985,-0.1335029898033816,-0.1353304068040363
2018-11-16,8701.399731316258,0.004204241782877816,-0.12986002686837417,-0.13169512677193784
2018-11-19,8776.904044317198,0.008677260593970892,-0.12230959556828025,-0.12416061911192311
2018-11-20,8748.726544144472,-0.0032104145186558908,-0.12512734558555272,-0.12697242657633667
2018-11-21,8770.94478373108,0.0025395969887158643,-0.12290552162689206,-0.1247552883798041
2018-11-23,8761.21078458761,-0.0011098005270223643,-0.12387892154123892,-0.12572663542203377
2018-11-26,8778.474676854275,0.001970491601119173,-0.12215253231457246,-0.12400388710005072
2018-11-27,8761.123781349113,-0.001976527374500492,-0.12388762186508862,-0.1257353173971535
2018-11-28,8744.811184632123,-0.0018619297163359194,-0.1255188815367877,-0.12736313678963462
2018-11-29,8766.85203275227,0.002520448715791712,-0.12331479672477308,-0.12516370032840363
2018-11-30,8751.787919703072,-0.0017183035590104812,-0.12482120802969277,-0.1266669346556809
2018-12-03,8790.348228402636,0.004405992130219749,-0.12096517715973643,-0.12281903604271327
2018-12-04,8779.646657366437,-0.0012174228776991036,-0.12203533426335633,-0.12388693621611702
2018-12-06,8747.956813598976,-0.0036094668731198043,-0.1252043186401024,-0.1270492372969524
2018-12-07,8759.678593035005,0.001339944822065009,-0.12403214069649948,-0.12587953144255082
2018-12-10,8683.11086795176,-0.008740928593444663,-0.131688913204824,-0.1335201560402799
2018-12-11,8674.358970954445,-0.001007921830137759,-0.13256410290455556,-0.1343934999903813
2018-12-12,8700.521903099989,0.003016122832032675,-0.12994780969000108,-0.13178272446214634
2018-12-13,8708.544295779275,0.0009220587878098208,-0.12914557042207253,-0.13098217709350823
2018-12-14,8712.62205605251,0.0004682482094295892,-0.12873779439474897,-0.13057526105397
2018-12-17,8750.91722178434,0.004395366341551243,-0.12490827782156588,-0.1267538208198946
2018-12-18,8801.973776435054,0.005834423221786844,-0.11980262235649464,-0.12165893303374953
2018-12-19,8897.31150442116,0.01083140332016752,-0.11026884955788396,-0.11214526668477176
2018-12-20,8897.893583782792,6.542193800251894e-05,-0.11021064162172078,-0.11208718150745356
2018-12-21,8939.997144458759,0.004731857071510026,-0.10600028555412411,-0.10788570495838512
2018-12-24,8967.814094243397,0.0031115166297204233,-0.1032185905756603,-0.10510987649375181
2018-12-26,8838.936832073043,-0.014371089857123875,-0.11610631679269567,-0.11797042287091275
2018-12-27,8849.600971466692,0.0012064957128048448,-0.11503990285333077,-0.1169062579675394
2018-12-28,8914.366678830816,0.007318489000006201,-0.10856333211691838,-0.11044334613050044
2018-12-31,8929.662455109896,0.0017158567546253778,-0.10703375448901042,-0.10891699433733648
2019-01-02,8967.408270067279,0.004227014755275871,-0.10325917299327214,-0.10515037332422472
2019-01-03,8992.408122657569,0.002787857075018829,-0.10075918773424308,-0.10265566046141861
2019-01-04,8949.011386005905,-0.004825930502678211,-0.1050988613994095,-0.1069861818810035
2019-01-07,8912.028134674234,-0.00413266334530582,-0.10879718653257664,-0.11067670735399548
2019-01-08,8880.975956864175,-0.003484299795828094,-0.11190240431358256,-0.113775376320987
2019-01-09,8918.052523541493,0.004174830205306623,-0.10819474764585069,-0.11007553899336542
2019-01-10,8892.491324558561,-0.0028662310426471604,-0.11075086754414387,-0.11262626810911358
2019-01-11,8912.231487973537,0.002219868729076868,-0.10877685120264635,-0.11065641491068479
2019-01-14,8888.768053929929,-0.0026327226885062283,-0.11112319460700715,-0.11299780994502684
2019-01-15,8869.153690168889,-0.002206645920113548,-0.11308463098311117,-0.11495510970884348
2019-01-16,8905.788180921289,0.004130550899462682,-0.10942118190787109,-0.11129938674118645
2019-01-17,8897.105696187773,-0.0009749260320514042,-0.11028943038122274,-0.11216580410375254
2019-01-18,8887.643429514028,-0.001063521890922292,-0.11123565704859717,-0.11311003520659757
2019-01-22,8903.557784100183,0.0017906157816038881,-0.10964422158998166,-0.11152195603909243
2019-01-23,8906.83734120172,0.00036834231675286766,-0.1093162658798279,-0.11119469197799592
2019-01-24,8948.160456968151,0.004639482476599843,-0.10518395430318483,-0.10707109532631887
2019-01-25,8940.348135310924,-0.0008730645471544118,-0.10596518646890762,-0.10785067989611885
2019-01-28,8956.443806922569,0.001800340587194027,-0.10435561930774306,-0.10624450726529822
2019-01-29,8980.580739870536,0.002694923729584797,-0.10194192601294638,-0.10383590437948087
2019-01-30,8961.705419151416,-0.002101792886880949,-0.10382945808485833,-0.10571945570113417
2019-01-31,9033.618202221394,0.008024452903383494,-0.0966381797778606,-0.0985433435909957
2019-02-01,8997.548704322086,-0.003992807432401713,-0.10024512956779141,-0.10214268642869351
2019-02-04,8980.161905791469,-0.001932392821865414,-0.10198380942085317,-0.10387769945649816
2019-02-05,9005.74464114695,0.0028488055809976487,-0.099425535885305,-0.10132482124545339
2019-02-06,9001.049395497268,-0.0005213611796440754,-0.09989506045027319,-0.10179335559676572
2019-02-07,9041.03308309721,0.004442114007278342,-0.09589669169027892,-0.09780341928023162
2019-02-08,9015.202470749038,-0.0028570421223725884,-0.09847975292509614,-0.10038103291400846
2019-02-11,8995.86580120347,-0.002144895758948051,-0.10041341987965302,-0.10231062182118045
2019-02-12,9026.292366293384,0.003382283124526264,-0.09737076337066153,-0.09927438218629969
2019-02-13,8998.488725074625,-0.0030802947755809162,-0.10015112749253752,-0.10204888260108314
2019-02-14,9012.414194049172,0.0015475341915740515,-0.0987585805950828,-0.10065927254454621
2019-02-15,9040.852716153997,0.00315548325814885,-0.09591472838460036,-0.0978214179356891
2019-02-19,9048.609781434763,0.0008580015098471616,-0.09513902185652368,-0.0970473473501261
2019-02-20,9065.756942771513,0.0018950050616539649,-0.09342430572284866,-0.09533624750292069
2019-02-21,9030.487277583696,-0.003890426956123072,-0.09695127224163047,-0.09885577575186277
2019-02-22,9064.135996516598,0.0037261243937996014,-0.0935864003483402,-0.09549800027556021
2019-02-25,9062.294553116506,-0.00020315707981422015,-0.09377054468834944,-0.09568175626051034
2019-02-26,9073.265318524718,0.0012105946616400853,-0.09267346814752819,-0.09458699342221566
2019-02-27,9027.368224501262,-0.005058497951090257,-0.09726317754987379,-0.0991670232608799
2019-02-28,8982.706055581431,-0.004947418539836823,-0.1017293944418568,-0.1036238210312953
2019-03-01,8945.780072662443,-0.004110786069421057,-0.10542199273375574,-0.10730863174076077
2019-03-04,8967.08431706006,0.0023814853735026897,-0.103291568293994,-0.1051827003041993
2019-03-05,8988.408142614237,0.0023780110457540804,-0.1011591857385763,-0.10305481488159096
2019-03-06,9004.593991748527,0.0018007470152086036,-0.09954060082514737,-0.10143964351668311
2019-03-07,9023.378725619243,0.0020861278018675655,-0.09766212743807579,-0.0995651317753673
2019-03-08,9022.662121732174,-7.94163593105246e-05,-0.09773378782678266,-0.09963664103439795
2019-03-11,9033.055906842308,0.0011519643504216415,-0.09669440931576923,-0.09859945454244379
2019-03-12,9069.064122209775,0.003986271726735602,-0.09309358777902255,-0.09500622703362238
2019-03-13,9061.814694007524,-0.0007993579166010178,-0.09381853059924761,-0.09572964097051762
2019-03-14,9031.695183199097,-0.0033237835715559383,-0.09683048168009023,-0.09873523993410482
2019-03-15,9089.628303927537,0.006414423821145654,-0.09103716960724628,-0.092954145787979
2019-03-18,9113.161133532905,0.0025889760085349156,-0.08868388664670945,-0.09060582583278298
2019-03-19,9083.909527246975,-0.003209819935949043,-0.0916090472753025,-0.09352481738266094
2019-03-20,9091.389532883073,0.000823434625109698,-0.0908610467116927,-0.09277839433049118
2019-03-21,9099.564596548613,0.0008992094812316775,-0.09004354034513873,-0.0919626120610949
2019-03-22,9106.426765276354,0.0007541205576302445,-0.08935732347236458,-0.09127784239975334
2019-03-25,9119.42798238332,0.0014276968828808023,-0.08805720176166798,-0.0899804626079429
2019-03-26,9134.405717426065,0.00164239852232817,-0.08655942825739349,-0.08848584786444036
2019-03-27,9173.477974757634,0.004277482141725963,-0.08265220252423655,-0.08458686235675006
2019-03-28,9194.88724593529,0.0023338227046019178,-0.08051127540647107,-0.08245045039202725
2019-03-29,9191.098033134525,-0.0004120999746287657,-0.08089019668654751,-0.08282857253814135
2019-04-01,9169.602437269992,-0.002338740788863314,-0.08303975627300075,-0.08497359876592647
2019-04-02,9176.80961795907,0.0007859861687988801,-0.08231903820409303,-0.08425440067047074
2019-04-03,9175.479898553956,-0.0001448999663795636,-0.08245201014460435,-0.08438709217702578
2019-04-04,9195.477676117978,0.0021794802871479835,-0.0804522323882022,-0.08239153189376724
2019-04-05,9221.312320348401,0.002809494529851353,-0.07786876796515985,-0.07981351592207764
2019-04-08,9185.818322955816,-0.0038491264756602694,-0.08141816770441834,-0.08335543008048663
2019-04-09,9182.191358482607,-0.0003948439154457528,-0.08178086415173935,-0.08371736161154575
2019-04-10,9205.912067330417,0.002583338543243885,-0.07940879326695827,-0.08135029335529154
2019-04-11,9184.211698812825,-0.0023572209205213746,-0.08157883011871747,-0.08351575366242525
2019-04-12,9192.327316629264,0.0008836488184922331,-0.0807672683370736,-0.08270590344098239
2019-04-15,9194.818216337573,0.00027097595880887226,-0.08051817836624264,-0.08245733879365746
2019-04-16,9193.307863383521,-0.0001642613174633878,-0.08066921366164792,-0.08260805556001616
2019-04-17,9195.67939607616,0.0002579629365058178,-0.08043206039238393,-0.08237140244010166
2019-04-18,9205.188645764692,0.0010340997417319642,-0.07948113542353075,-0.08142248294435916
2019-04-22,9141.202480794247,-0.006951097629040448,-0.08587975192057529,-0.08780760494525452
2019-04-23,9154.092158391179,0.0014100636786038567,-0.08459078416088217,-0.0865213555810892
2019-04-24,9145.911903680782,-0.0008936172554148136,-0.08540880963192177,-0.08733765586019493
2019-04-25,9132.351507095647,-0.001482672994004841,-0.08676484929043526,-0.08869083567049618
2019-04-26,9168.071710892382,0.003911391690188504,-0.08319282891076185,-0.0851263485779451
2019-04-29,9181.201624923051,0.001432134743783564,-0.0818798375076949,-0.08381612623557133
2019-04-30,9192.396784379322,0.001219356671775973,-0.0807603215620678,-0.08269897131652315
2019-05-01,9186.880173325808,-0.0006001276035960679,-0.08131198266741924,-0.08324946898464314
2019-05-02,9180.012359593506,-0.0007475675749252231,-0.08199876404064943,-0.08393480195592573
2019-05-03,9208.329772356483,0.0030846813330687173,-0.07916702276435172,-0.08110903273964543
2019-05-06,9192.596807136208,-0.0017085579697097009,-0.08074031928637926,-0.08267901122505239
2019-05-07,9163.402295868837,-0.0031758720500726367,-0.08365977041311634,-0.08559230531424777
2019-05-08,9132.617236154367,-0.0033595665365853122,-0.08673827638456333,-0.08866431880611003
2019-05-09,9109.040010358065,-0.0025816504936793105,-0.08909599896419351,-0.09101706901737183
2019-05-10,9117.812154092751,0.0009630151722586078,-0.08821878459072485,-0.09014170466351135
2019-05-13,9085.027882059763,-0.0035956292451443383,-0.0914972117940237,-0.09341321775916045
2019-05-14,9118.148826274035,0.003645662362762314,-0.08818511737259649,-0.0901081084485672
2019-05-15,9132.299383071606,0.0015519111463497826,-0.0867700616928394,-0.08869603708009521
2019-05-16,9116.116203228457,-0.0017720816154086494,-0.0883883796771543,-0.09031094207883461
2019-05-17,9113.2199708734,-0.0003177046332549782,-0.08867800291265993,-0.09059995450735747
2019-05-20,9149.307850571464,0.003959948274419256,-0.08506921494285358,-0.08699877736645212
2019-05-21,9168.91903770708,0.0021434612820894205,-0.08310809622929194,-0.08504179459523675
2019-05-22,9175.023379311533,0.0006657645878809237,-0.08249766206884668,-0.08443264782268722
2019-05-23,9199.832145552298,0.0027039458337192457,-0.0800167854447702,-0.08195700329527811
2019-05-24,9251.81575099061,0.005650494989024812,-0.07481842490093893,-0.07676960594268878
2019-05-28,9260.381706674561,0.000925867517739265,-0.0739618293325438,-0.07591481690944146
2019-05-29,9249.772486386124,-0.0011456569096703895,-0.07502275136138759,-0.07697350148457327
2019-05-30,9323.09938451784,0.007927427213981542,-0.067690061548216,-0.06965627610101588
2019-05-31,9368.47309781863,0.00486680570799658,-0.06315269021813696,-0.06512847395514554
2019-06-03,9486.4365884594,0.012591538600696506,-0.05135634115405996,-0.053357003048259743
2019-06-04,9466.388664872002,-0.002113324998323174,-0.05336113351279981,-0.055357567358205406
2019-06-05,9404.549365840621,-0.006532512156494752,-0.059545063415937904,-0.0615284555329787
2019-06-06,9420.14844119448,0.0016586733448940016,-0.057985155880551975,-0.05997183779722981
2019-06-07,9452.672907820384,0.0034526490563220325,-0.054732709217961584,-0.05672625045008428
2019-06-10,9408.140123959036,-0.004711131369467547,-0.059185987604096435,-0.061170137001584135
2019-06-11,9421.44604234354,0.0014142984914327084,-0.05785539576564602,-0.05984235134263338
2019-06-12,9402.135641062221,-0.002049621809065205,-0.059786435893777856,-0.06176931896328097
2019-06-13,9431.224670278945,0.0030938746607400702,-0.056877532972105516,-0.05886655083329251
2019-06-14,9419.560140707306,-0.0012367990350603542,-0.058043985929269404,-0.06003054377508499
2019-06-17,9399.203911885217,-0.002161059382605135,-0.060079608811478336,-0.062061873587822114
2019-06-18,9453.67755735763,0.005795559494515379,-0.05463224426423696,-0.05662599737402596
2019-06-19,9459.538959643593,0.000620012926228819,-0.054046104035640696,-0.05604109329812956
2019-06-20,9508.368142813895,0.005161898838687451,-0.04916318571861045,-0.05116847291385651
2019-06-21,9428.395150546352,-0.008410800998274737,-0.05716048494536485,-0.0591489060690672
2019-06-24,9465.873724894682,0.003975074628279396,-0.053412627510531774,-0.05540895275659341
2019-06-25,9484.712529902443,0.00199018131397799,-0.05152874700975574,-0.053529045305018674
2019-06-26,9459.727073860859,-0.002634287118646217,-0.054027292613914146,-0.05602232154914444
2019-06-27,9527.575335277954,0.00717232758274533,-0.04724246647220465,-0.049251804408495414
2019-06-28,9536.65176610325,0.0009526485496986759,-0.046334823389674984,-0.04834607551883663
2019-07-01,9545.193607438689,0.0008956855660597896,-0.045480639256131106,-0.04749369283479454
2019-07-02,9574.270444443993,0.0030462281019261184,-0.0425729555556007,-0.044592141354646064
2019-07-03,9606.02035948503,0.0033161706915707523,-0.03939796405149698,-0.04142384581531011
2019-07-05,9508.692444272288,-0.01013197053206738,-0.049130755572771134,-0.05113611116225181
2019-07-08,9484.802614992594,-0.002512420021964723,-0.05151973850074065,-0.053520055794687105
2019-07-09,9459.728236069335,-0.0026436373998572904,-0.05402717639306642,-0.056022205573403094
2019-07-10,9436.839525065592,-0.0024195949854531884,-0.05631604749344077,-0.0583062495111768
2019-07-11,9376.361850483652,-0.006408678924898825,-0.06236381495163479,-0.06434126240364346
2019-07-12,9402.763678277712,0.0028157859322268664,-0.05972363217222887,-0.06170664769295464
2019-07-15,9422.278671615451,0.0020754529205944117,-0.05777213283845484,-0.059759264014534685
2019-07-16,9419.545157482991,-0.0002901117901230599,-0.05804548425170086,-0.06003203893759801
2019-07-17,9453.786489579903,0.0036351364661924013,-0.054621351042009714,-0.0566151271252876
2019-07-18,9470.04467261177,0.0017197535664452701,-0.05299553273882307,-0.05499273762563084
2019-07-19,9430.692519590964,-0.004155434782120437,-0.05693074804090359,-0.05891965367305774
2019-07-22,9432.893817469278,0.00023341847629332335,-0.05671061825307222,-0.05869998813254862
2019-07-23,9396.391539978405,-0.0038696796759517538,-0.06036084600215941,-0.06234251765744525
2019-07-24,9417.54190090011,0.002250902469497662,-0.058245809909988955,-0.06023194211489735
2019-07-25,9374.60954854342,-0.00455876414551315,-0.062539045145658,-0.06451612304228238
2019-07-26,9399.663524472482,0.0026725354052696826,-0.06003364755275176,-0.062016009260053906
2019-07-29,9368.050239764281,-0.0033632357824185943,-0.06319497602357182,-0.06517067058104631
2019-07-30,9374.006841304668,0.0006358421857199925,-0.06259931586953316,-0.06457626665695337
2019-07-31,9402.096016080968,0.002996496082393607,-0.05979039839190314,-0.06177327310461289
2019-08-01,9428.577030565233,0.0028165011757987912,-0.05714229694347672,-0.0591307564251462
2019-08-02,9457.266568207662,0.0030428279420557924,-0.054273343179233824,-0.056267853200975826
2019-08-05,9464.939706319314,0.0008113484013918537,-0.053506029368068586,-0.05550215763232835
2019-08-06,9537.518401491197,0.0076681624420096295,-0.046248159850880266,-0.04825959475092545
2019-08-07,9531.520372122364,-0.0006288878423443833,-0.0468479627877636,-0.048858132720854486
2019-08-08,9573.896894871395,0.004445935285725566,-0.04261031051286046,-0.04462941753138716
2019-08-09,9570.13007563719,-0.0003934468143503844,-0.042986992436281124,-0.045005305043583466
2019-08-12,9618.193207917271,0.00502220261378028,-0.03818067920827284,-0.0402091281904271
2019-08-13,9609.295285598273,-0.0009251137013627231,-0.03907047144017273,-0.04109704387638102
2019-08-14,9661.041934206032,0.005385061762574139,-0.033895806579396726,-0.03593329223334041
2019-08-15,9751.000554560665,0.009311482236312951,-0.024899944543933406,-0.026956402209350583
2019-08-16,9735.132146341248,-0.0016273620466563665,-0.02648678536587523,-0.0285398964301371
2019-08-19,9661.61280446713,-0.0075519613672372365,-0.0338387195532871,-0.03587632560210896
2019-08-20,9719.226614739619,0.005963166961715727,-0.02807733852603811,-0.030127095159931394
2019-08-21,9697.383364646621,-0.002247426771577854,-0.03026166353533788,-0.032306813491296826
2019-08-22,9607.912308119796,-0.009226309114787279,-0.03920876918802041,-0.04123504995829963
2019-08-23,9721.892883966408,0.011863199016740156,-0.02781071160335924,-0.029861030545680012
2019-08-26,9710.918963682407,-0.0011287843236885697,-0.02890810363175933,-0.03095610820619954
2019-08-27,9799.712796306107,0.009143710595853838,-0.020028720369389297,-0.02209545130495716
2019-08-28,9854.392768038628,0.0055797524753105066,-0.014560723196137215,-0.01663898597875857
2019-08-29,9815.328151194919,-0.003964183056556214,-0.018467184880508136,-0.020537209049019567
2019-08-30,9848.110119797151,0.003339874948372623,-0.0151889880202849,-0.01726592581065922
2019-09-03,9813.97862038039,-0.0034657918119891384,-0.018602137961960974,-0.020671877518347426
2019-09-04,9864.242705681241,0.005121682779751335,-0.013575729431875905,-0.015656069537706818
2019-09-05,9774.617798793188,-0.009085837561198185,-0.022538220120681185,-0.024599658594238627
2019-09-06,9836.956341078563,0.006377593842397777,-0.01630436589214368,-0.018378951383016484
2019-09-09,9768.120848234199,-0.0069976413900416645,-0.023187915176580143,-0.025247983462154844
2019-09-10,9673.90351542173,-0.009645389760866818,-0.03260964845782688,-0.034649846581853216
2019-09-11,9695.371404656355,0.002219154780735755,-0.03046285953436456,-0.03250758517381147
2019-09-12,9670.709758389909,-0.002543651525778734,-0.03292902416100918,-0.034968548730963445
2019-09-13,9584.276578778547,-0.008937625238558788,-0.041572342122145334,-0.04359363818582862
2019-09-16,9605.927158986748,0.0022589686378771123,-0.03940728410132521,-0.041433146209424176
2019-09-17,9642.527249131654,0.003810156951967514,-0.03574727508683462,-0.037780856047528455
2019-09-18,9661.96076112233,0.0020153961185254143,-0.033803923887767096,-0.03584160331963582
2019-09-19,9653.68020118574,-0.0008570268645582413,-0.03463197988142597,-0.036667912967280336
2019-09-20,9783.570934664891,0.013455048310301088,-0.021642906533510864,-0.023706233197391846
2019-09-23,9804.045423603771,0.002092741911476903,-0.019595457639622893,-0.021663102313690397
2019-09-24,9861.851395710777,0.005896134667821462,-0.013814860428922326,-0.0158946962144334
2019-09-25,9755.867395216346,-0.01074686651033152,-0.02441326047836534,-0.02647074454632614
2019-09-26,9816.981687550488,0.006264362753034991,-0.018301831244951217,-0.020372204139472272
2019-09-27,9830.50278688439,0.0013773173633448987,-0.016949721311561028,-0.019022945766618338
2019-09-30,9854.486551632932,0.0024397292049538333,-0.014551344836706837,-0.016629627398015545
2019-10-01,9816.407667235466,-0.0038641165318913373,-0.01835923327645339,-0.020429485111759016
2019-10-02,9778.85425437155,-0.0038255759272568524,-0.022114574562844935,-0.024176906492566097
2019-10-03,9849.804520575788,0.007255478439360141,-0.015019547942421219,-0.017096843076993218
2019-10-04,9907.907437344866,0.005898890343224883,-0.009209256265513388,-0.011298805136294776
2019-10-07,9835.280328601024,-0.007330216718627769,-0.016471967139897625,-0.018546199164611976
2019-10-08,9828.586273846919,-0.0006806165691728427,-0.017141372615308126,-0.019214192883338144
2019-10-09,9822.91047829522,-0.0005774783263389205,-0.017708952170477965,-0.019780575429728886
2019-10-10,9758.151614369555,-0.006592635051368534,-0.02418483856304443,-0.026242804366183203
2019-10-11,9737.304203629852,-0.00213640980009,-0.026269579637014817,-0.028323148781843388
2019-10-14,9756.954960647594,0.002018090079841217,-0.02430450393524064,-0.026362217367588703
2019-10-15,9734.580189115499,-0.002293212546571999,-0.026541981088450073,-0.02859497574653791
2019-10-16,9748.574168031122,0.0014375534069019924,-0.02514258319688778,-0.027198529144440653
2019-10-17,9770.362322599764,0.0022350093657892423,-0.022963767740023622,-0.025024308746024793
2019-10-18,9789.092091373612,0.0019169983830102932,-0.021090790862638875,-0.02315528192241667
2019-10-21,9765.195731417158,-0.0024411211717491055,-0.02348042685828422,-0.025539878245227188
2019-10-22,9807.349775876493,0.004316763905070964,-0.01926502241235062,-0.021333363964704977
2019-10-23,9818.41619252127,0.0011283799291015306,-0.018158380747873015,-0.020229056175321447
2019-10-24,9815.040301798705,-0.00034383251395853076,-0.018495969820129576,-0.02056593328204026
2019-10-25,9789.109027366758,-0.0026419936785379017,-0.021089097263324197,-0.023153591894853776
2019-10-28,9738.341590748343,-0.00518611412708625,-0.026165840925165718,-0.028219628851921308
2019-10-29,9752.886901468728,0.0014936127044673508,-0.024711309853127195,-0.026768165343622585
2019-10-30,9828.776423239611,0.007781236728937602,-0.01712235767603887,-0.019195218046022977
2019-10-31,9894.29470149028,0.0066659648596496535,-0.010570529850971955,-0.01265720783534141
2019-11-01,9926.816250057007,0.003286899121958564,-0.007318374994299326,-0.009411911678703366
2019-11-04,9856.023566953092,-0.0071314590016218204,-0.014397643304690844,-0.016476250018061633
2019-11-05,9802.445729148687,-0.005436050090631861,-0.01975542708513134,-0.021822734388289522
2019-11-06,9836.079855817066,0.003431197437631761,-0.01639201441829341,-0.018466415060972907
2019-11-07,9744.249950226109,-0.00933602684576107,-0.02557500497738907,-0.02763003895997973
2019-11-08,9693.397502240896,-0.005218713420218957,-0.03066024977591042,-0.03270455912507708
2019-11-11,9685.73297632123,-0.0007906955139201921,-0.031426702367877035,-0.03346939529081239
2019-11-12,9707.21306574931,0.0022177040685091853,-0.029278693425068947,-0.03132591643641014
2019-11-13,9722.688415807734,0.0015942114336633395,-0.027731158419226576,-0.029781645136899737
2019-11-14,9790.394838585456,0.006963755278595718,-0.020960516141454333,-0.02302528194683129
2019-11-15,9799.108579465888,0.0008900295671518954,-0.02008914205341117,-0.022155745561404205
2019-11-18,9808.027066354063,0.0009101324692801782,-0.019197293364593637,-0.021265777755540505
2019-11-19,9838.49889936145,0.0031068259499322792,-0.016150110063855028,-0.018225020875784592
2019-11-20,9883.788680597398,0.004603322285159583,-0.011621131940260265,-0.0137055942353701
2019-11-21,9820.576705370291,-0.006395520712740077,-0.01794232946297092,-0.02001346053629749
2019-11-22,9843.250575215858,0.0023088124583525715,-0.015674942478414278,-0.017750855404965793
2019-11-25,9912.107834894037,0.006995378117423234,-0.008789216510596276,-0.010879651233007936
2019-11-26,9947.631163783972,0.003583831964063089,-0.005236883621602795,-0.007334810110791401
2019-11-27,9940.557230364933,-0.0007111173808687088,-0.005944276963506634,-0.008040711580704962
2019-11-29,9881.150818638784,-0.005976165153466773,-0.01188491813612158,-0.013968824113814171
2019-12-02,9792.634416980192,-0.008958106528606291,-0.020736558301980734,-0.022801796427929566
2019-12-03,9860.034880927193,0.00688277138480009,-0.013996511907280684,-0.01607596459510552
2019-12-04,9842.19567106104,-0.0018092440931076759,-0.01578043289389608,-0.01785612334422859
2019-12-05,9820.069619780395,-0.0022480808165297184,-0.017993038021960506,-0.020064062152410522
2019-12-06,9804.602940150502,-0.0015750071260940413,-0.019539705984949807,-0.02160746823763604
2019-12-09,9824.696436272214,0.002049394171734109,-0.017530356372778666,-0.0196023562853741
2019-12-10,9813.18988572764,-0.001171186368882915,-0.018681011427236105,-0.020750584641777592
2019-12-11,9883.215489892553,0.007135865603371094,-0.011678451010744717,-0.0137627924216015
2019-12-12,9865.04827922359,-0.0018381882584207476,-0.013495172077640949,-0.01557568207658977
2019-12-13,9928.068893909613,0.006388272302604747,-0.007193110609038711,-0.009286911472389137
2019-12-16,9894.730443377028,-0.0033579995151964415,-0.010526955662297222,-0.012613725543363596
2019-12-17,9897.235887967629,0.0002532099893917117,-0.01027641120323719,-0.01236370947528298
2019-12-18,9849.820016428837,-0.00479081958594485,-0.015017998357116258,-0.01709529675971866
2019-12-19,9848.989594454875,-8.430833990635822e-05,-0.015101040554512446,-0.017178163823534986
2019-12-20,9866.39863598084,0.0017675967020787109,-0.013360136401915912,-0.015440931187178597
2019-12-23,9842.030709773891,-0.0024697893432040763,-0.015796929022610873,-0.0178725846830875
2019-12-24,9859.308259367186,0.0017554862510371638,-0.014069174063281342,-0.016148473508731942
2019-12-26,9876.931666692697,0.0017874892296594336,-0.012306833330730349,-0.01438984950154476
2019-12-27,9900.998989035257,0.002436720547912774,-0.009900101096474323,-0.011988192995593838
2019-12-30,9864.893003859024,-0.003646701228453675,-0.013510699614097565,-0.015591176865923484
2019-12-31,9828.201349014389,-0.0037194174159093096,-0.017179865098561065,-0.019252604187063205
2020-01-02,9902.820944325336,0.007592395867879853,-0.009717905567466323,-0.011806381711659153
2020-01-03,9928.590452990235,0.0026022391811157952,-0.007140954700976532,-0.009234865559620609
2020-01-06,9892.774578817553,-0.003607347321078702,-0.010722542118244749,-0.01280889951316233
2020-01-07,9783.932149881906,-0.01100221460303974,-0.02160678501180935,-0.02367018785492936
2020-01-08,9850.860700502548,0.006840659726105036,-0.014913929949745164,-0.016991447829592943
2020-01-09,9890.046214475264,0.003977877178865885,-0.010995378552473678,-0.013081160543284232
2020-01-10,9936.101464579564,0.004656727492020396,-0.006389853542043578,-0.008485348451193198
2020-01-13,9962.677197126532,0.00267466396571181,-0.0037322802873468452,-0.00583337994122024
2020-01-14,9996.126729955604,0.003357484355582585,-0.0003873270044396637,-0.002495481067530392
2020-01-15,10032.159244430135,0.0036046476248197123,0.0032159244430134404,0.0
2020-01-16,10030.179810603271,-0.0001973088523253841,0.003017981060327024,-0.0001973088523253841
2020-01-17,9998.16357367592,-0.0031919903263853966,-0.00018364263240799872,-0.0033886693707627646
2020-01-21,10001.421125801498,0.00032581504609052736,0.0001421125801497336,-0.003063958404139422
2020-01-22,10048.780617741271,0.004735276251651488,0.004878061774127085,0.0
2020-01-23,10080.265050865191,0.0031331595664785272,0.008026505086519142,0.0
2020-01-24,10124.755176621917,0.004413586897985988,0.012475517662191571,0.0
2020-01-27,10119.277099119648,-0.0005410577744059397,0.01192770991196479,-0.0005410577744059397
2020-01-28,10102.10788798132,-0.0016966835644636191,0.010210788798131976,-0.0022368233350362754
2020-01-29,10145.405496534906,0.004285997440702349,0.014540549653490498,0.0
2020-01-30,10123.864850581545,-0.0021231922135312997,0.01238648505815454,-0.0021231922135312997
2020-01-31,10093.581515420872,-0.002991282045703536,0.0093581515420873,-0.00510812319248688
2020-02-03,10072.692679286021,-0.002069516762007284,0.007269267928602163,-0.007167068607924931
2020-02-04,10050.223754224118,-0.0022306771165677697,0.005022375422411907,-0.009381758308556143
2020-02-05,10060.060973526359,0.0009788059990312181,0.0060060973526359085,-0.008412135230838835
2020-02-06,10092.36227435868,0.0032108454329773384,0.009236227435867939,-0.005228299863848984
2020-02-07,10109.726069709457,0.001720488710050816,0.010972606970945709,-0.003516806384686655
2020-02-10,10150.54568648625,0.004037658042891579,0.015054568648624977,0.0
2020-02-11,10161.809154018953,0.0011096415779594526,0.016180915401895257,0.0
2020-02-12,10123.898097332596,-0.0037307388981383527,0.012389809733259538,-0.0037307388981383527
2020-02-13,10150.391470495302,0.002616914246666102,0.015039147049530133,-0.00112358767524523
2020-02-14,10171.125804997442,0.0020427127921529564,0.01711258049974429,0.0
2020-02-18,10169.17795965543,-0.0001915073492705366,0.01691779596554288,-0.0001915073492705366
2020-02-19,10186.712052807112,0.0017242389917107026,0.0186712052807112,0.0
2020-02-20,10205.866323611557,0.0018803192536660518,0.020586632361155655,0.0
2020-02-21,10238.886977850849,0.0032354582347309258,0.023888697785084956,0.0
2020-02-24,10186.033693310468,-0.005162014646192925,0.018603369331046782,-0.005162014646192925
2020-02-25,10166.639786038704,-0.0019039704614859376,0.016663978603870477,-0.007056156784270851
2020-02-26,10081.967560705894,-0.008328437626863305,0.00819675607058934,-0.01532582764947088
2020-02-27,10037.050593975693,-0.004455178660290771,0.003705059397569377,-0.01971272700946658
2020-02-28,10097.050067575814,0.005977799258691796,0.009705006757581458,-0.01385276647567868
2020-03-02,10139.621251226676,0.00421620011448387,0.01396212512266759,-0.00969497239679551
2020-03-03,10215.172557275357,0.007451097449970412,0.0215172557275356,-0.0023161131309283878
2020-03-04,10242.964170424459,0.002720621016754965,0.024296417042445784,0.0
2020-03-05,10265.302279117685,0.0021808246442689416,0.02653022791176851,0.0
2020-03-06,10575.369786531319,0.03020539473488215,0.0575369786531319,0.0
2020-03-09,10544.132237641186,-0.0029538020438695245,0.05441322376411861,-0.0029538020438695245
2020-03-10,10170.658891505147,-0.035420017287225214,0.017065889150514657,-0.038269195611637885
2020-03-11,9667.246650583495,-0.04949652193547838,-0.03327533494165058,-0.08587152546707166
2020-03-12,9338.204318592108,-0.034036819777586436,-0.06617956814078918,-0.11698555160830892
2020-03-13,9372.493027798082,0.003671873953079663,-0.06275069722019178,-0.11374323385506657
2020-03-16,9322.7179753107,-0.005310759084029559,-0.06772820246893008,-0.11844993002665338
2020-03-17,8895.221935362313,-0.04585530111288594,-0.1104778064637687,-0.15887367393136687
2020-03-18,8266.57414323659,-0.07067252472100538,-0.17334258567634098,-0.21831819500394078
2020-03-19,8366.310466575498,0.01206501285910666,-0.16336895334245016,-0.20888719397493372
2020-03-20,8801.838933546713,0.052057411532981934,-0.11981610664532871,-0.16770390906267474
2020-03-23,8968.598640192853,0.018946007522423924,-0.1031401359807147,-0.15193522106289203
2020-03-24,9079.349060019435,0.012348687266509284,-0.09206509399805651,-0.1414627343260565
2020-03-25,9242.942023908477,0.018018137953239144,-0.0757057976091523,-0.1259934914351466
2020-03-26,9428.465485924422,0.02007190584297258,-0.05715345140755779,-0.10845051508908765
2020-03-27,9496.5260936041,0.007218630410355198,-0.05034739063959004,-0.1020147488649733
2020-03-30,9441.446325356188,-0.005799991249959002,-0.055855367464381245,-0.10722305546414879
2020-03-31,9362.998365940684,-0.008308892166745907,-0.06370016340593154,-0.114641042825254
2020-04-01,9307.635416059364,-0.005912950928487981,-0.06923645839406367,-0.11987612689312566
2020-04-02,9374.761065318975,0.007211890696082968,-0.0625238934681025,-0.11352876972126558
2020-04-03,9314.052378959543,-0.006475758255217623,-0.06859476210404569,-0.11926934310875603
2020-04-06,9482.003598294812,0.018032024354369236,-0.051799640170518746,-0.10338798645405356
2020-04-07,9459.11775180642,-0.0024136087116132243,-0.054088224819358044,-0.1055520570208851
2020-04-08,9516.332491626205,0.006048633849479179,-0.04836675083737951,-0.10014186891638466
2020-04-09,9645.321797413057,0.013554518602660659,-0.03546782025869433,-0.08794472513885632
2020-04-13,9468.02438288603,-0.018381700294808123,-0.05319756171139711,-0.10470985185365278
2020-04-14,9513.731796778038,0.004827555574806963,-0.04862682032219623,-0.10038778890789912
2020-04-15,9530.27670338495,0.0017390553949099274,-0.046972329661505,-0.09882331343887263
2020-04-16,9820.252507796999,0.030426798028755586,-0.01797474922030018,-0.07140339240865412
2020-04-17,9671.24782077167,-0.01517320322537763,-0.03287521792283299,-0.08549317745003382
2020-04-20,9642.45161348381,-0.002977506917567818,-0.03575483865161899,-0.08821612784033928
2020-04-21,9666.22507093575,0.0024654992739290282,-0.033377492906425,-0.08596812536554943
2020-04-22,9651.494541195427,-0.001523917520254603,-0.03485054588045733,-0.08736103455337607
2020-04-23,9704.438681024327,0.0054855897812424725,-0.02955613189756734,-0.08235467157055831
2020-04-24,9749.93753872088,0.004688458466487022,-0.025006246127912024,-0.07805232956125097
2020-04-27,9715.615974000073,-0.0035201830354812946,-0.02843840259999275,-0.08129775411033091
2020-04-28,9875.12420959116,0.016417717210925886,-0.012487579040883934,-0.06621476043627184
2020-04-29,9971.763781232215,0.00978616264362464,-0.002823621876778426,-0.057076586207685076
2020-04-30,9746.695893180175,-0.02257051941760191,-0.025330410681982496,-0.07835885742799598
2020-05-01,9714.899377856103,-0.003262286591532937,-0.028510062214389675,-0.08136551496961375
2020-05-04,9695.699045818948,-0.0019763799181409247,-0.030430095418105152,-0.08318108571793958
2020-05-05,9651.006644576157,-0.0046095078891773555,-0.034899335542384335,-0.08740716973626983
2020-05-06,9477.286962135122,-0.01800016193530085,-0.05227130378648781,-0.10383398846201142
2020-05-07,9669.247991367994,0.020254850359582965,-0.03307520086320059,-0.08568228000096523
2020-05-08,9649.93003012941,-0.0019978762832260077,-0.035006996987059,-0.08750897368908461
2020-05-11,9519.782345203661,-0.013486904518415832,-0.04802176547963388,-0.09981565303485118
2020-05-12,9572.273996334508,0.005513954965293388,-0.042772600366549174,-0.09485207708522336
2020-05-13,9536.464580426677,-0.0037409518283266774,-0.04635354195733232,-0.0982381918623575
2020-05-14,9658.396722033487,0.012785885228061566,-0.034160327796651235,-0.0867083688804603
2020-05-15,9595.477232879315,-0.0065144858888054324,-0.040452276712068524,-0.09265799432375255
2020-05-18,9609.120855141517,0.0014218805309078597,-0.03908791448584836,-0.09136786239100658
2020-05-19,9564.20693249202,-0.0046740928048027985,-0.04357930675079802,-0.0956148933276173
2020-05-20,9650.431346698551,0.009015322944718518,-0.03495686533014486,-0.08746156952457207
2020-05-21,9672.405488392142,0.002277011348420954,-0.032759451160785824,-0.08538370916250915
2020-05-22,9712.469405898777,0.0041420841542174625,-0.028753059410122295,-0.08159529151704203
2020-05-26,9722.14929263021,0.0009966452739149645,-0.02778507073697889,-0.08067996780479114
2020-05-27,9823.369990956806,0.010411349926844338,-0.01766300090431938,-0.07110860525484908
2020-05-28,9741.745989863208,-0.008309164896439736,-0.02582540101367925,-0.07882691702467048
2020-05-29,9822.6596342061,0.008305866774507065,-0.01773403657938999,-0.0711757761212154
2020-06-01,9813.155695042089,-0.0009675525283310282,-0.01868443049579105,-0.07207446234740444
2020-06-02,9873.291907262028,0.006128121685700094,-0.012670809273797157,-0.06638802173740066
2020-06-03,9894.473705976754,0.002145363361448549,-0.010552629402324598,-0.0643850848054266
2020-06-04,9774.078927800798,-0.01216788095593524,-0.02259210721992022,-0.0757695357141116
2020-06-05,9862.806035098836,0.009077797299719803,-0.013719396490116331,-0.06737955890109837
2020-06-08,9925.54009068498,0.0063606701138492205,-0.007445990931501889,-0.06144746793383571
2020-06-09,9907.25748752866,-0.0018419756496153017,-0.009274251247134102,-0.0631762588437863
2020-06-10,9943.439515620186,0.003652073052211824,-0.005656048437981398,-0.05975491010403744
2020-06-11,9828.416324273798,-0.011567746871261053,-0.017158367572620237,-0.0706314273009
2020-06-12,9845.251659509575,0.0017129245119784642,-0.015474834049042485,-0.06903948909206137
2020-06-15,9880.820389544988,0.0036127801772396495,-0.011917961045501246,-0.06567613341246015
2020-06-16,9812.443025244094,-0.006920211238051088,-0.018755697475590583,-0.07214185193399858
2020-06-17,9817.717527478158,0.000537532011191777,-0.018228247252184193,-0.071643098477568
2020-06-18,9890.016432812808,0.0073641256363607965,-0.010998356718719182,-0.06480656161937426
2020-06-19,9843.100626021716,-0.004743754179764137,-0.015689937397828313,-0.0692428894015803
2020-06-22,9921.719265254995,0.007987182313816676,-0.007828073474500541,-0.06180876266934954
2020-06-23,9892.774446021962,-0.002917318910079958,-0.010722555397803757,-0.06454576570728554
2020-06-24,9849.354128358247,-0.004389094070690658,-0.015064587164175247,-0.06865156234042213
2020-06-25,9908.533742553673,0.006008476639603799,-0.009146625744632764,-0.06305557700941311
2020-06-26,9928.23135992189,0.00198794472320607,-0.007176864007810924,-0.06119298328779166
2020-06-29,9966.721369445291,0.003876824393796552,-0.0033278630554708366,-0.057553393344334514
2020-06-30,9939.086140410096,-0.002772750236593957,-0.006091385958990392,-0.06016656239591611
2020-07-01,9924.816030332899,-0.001435756756265394,-0.007518396966710084,-0.06151593460372029
2020-07-02,9975.833010706969,0.0051403451931146815,-0.002416698929303074,-0.05669180254934569
2020-07-06,10027.165616094293,0.005145696137077493,0.0027165616094293465,-0.05183782520165048
2020-07-07,10069.514855263873,0.004223450653054517,0.006951485526387247,-0.0478333090452967
2020-07-08,10076.150088372324,0.0006589426803400578,0.007615008837232429,-0.04720588577382856
2020-07-09,10129.52599849121,0.005297252388139828,0.012952599849120894,-0.04215869487683832
2020-07-10,10131.611325742198,0.00020586622229901153,0.013161132574219803,-0.04196150770579077
2020-07-13,10145.43682720025,0.001364590588164738,0.01454368272002493,-0.04065417739610644
2020-07-14,10228.106462534304,0.008148454989381326,0.022810646253430322,-0.03283699114136751
2020-07-15,10234.496933808554,0.0006247951463604906,0.023449693380855452,-0.03223271238769321
2020-07-16,10279.393055079583,0.004386744317907754,0.0279393055079582,-0.027987364737702913
2020-07-17,10286.585118166147,0.0006996583405292078,0.028658511816614718,-0.027307287990341877
2020-07-20,10305.05758598707,0.001795782332885132,0.030505758598706967,-0.02556054360278881
2020-07-21,10348.263336173888,0.004192674308348465,0.03482633361738885,-0.021475036328911234
2020-07-22,10403.793919325872,0.005366174144203262,0.040379391932587216,-0.016224100969401967
2020-07-23,10470.24669618947,0.006387359974533657,0.04702466961894691,-0.009940370168023183
2020-07-24,10477.545905554476,0.0006971382410372318,0.04775459055544751,-0.009250161739160156
2020-07-27,10475.45666870527,-0.0001994013548629603,0.04754566687052697,-0.009447718599239652
2020-07-28,10525.290930514675,0.004757240031194154,0.05252909305146747,-0.004735423633169145
2020-07-29,10582.505069791861,0.0054358724765803945,0.0582505069791861,0.0
2020-07-30,10595.035368088922,0.0011840578591195694,0.05950353680889231,0.0
2020-07-31,10537.31348330188,-0.005448012468263652,0.053731348330188,-0.005448012468263652
2020-08-03,10507.491256274021,-0.002830154676058294,0.05074912562740219,-0.008262748426359545
2020-08-04,10631.454945731744,0.01179764859511101,0.06314549457317442,0.0
2020-08-05,10616.19141592035,-0.0014356952918774812,0.061619141592035076,-0.0014356952918774812
2020-08-06,10685.097826952438,0.006490690336343752,0.06850978269524388,0.0
2020-08-07,10633.106843353475,-0.004865747084488059,0.06331068433534748,-0.004865747084488059
2020-08-10,10653.434524376196,0.0019117348600168338,0.06534345243761974,-0.002963314242792725
2020-08-11,10592.599437142457,-0.005710373222320264,0.05925994371424559,-0.008656765834811564
2020-08-12,10561.737320458593,-0.0029135545875215163,0.05617373204585929,-0.011545098462521941
2020-08-13,10468.554772767375,-0.008822653401038383,0.046855477276737556,-0.020265893461344664
2020-08-14,10404.436191762392,-0.0061248741967495635,0.040443619176239176,-0.026266641610158792
2020-08-17,10472.509267568337,0.006542697225616179,0.04725092675683373,-0.019895799067731645
2020-08-18,10481.312811539548,0.0008406336768280731,0.04813128115395493,-0.019071890469627317
2020-08-19,10415.955229274125,-0.006235629394961584,0.04159552292741253,-0.02518859462375911
2020-08-20,10444.88221123524,0.002777179944074337,0.04448822112352402,-0.02248136793949329
2020-08-21,10497.179075371183,0.00500693670625485,0.049717907537118355,-0.017586994019581415
2020-08-24,10560.682292098514,0.0060495506717919145,0.05606822920985133,-0.011643836759275605
2020-08-25,10503.320105320818,-0.005431674317161739,0.050332010532081695,-0.017012265547358796
2020-08-26,10474.517470467194,-0.0027422409833089967,0.047451747046719284,-0.019707854798864832
2020-08-27,10340.025516772645,-0.012839918790889193,0.0340025516772644,-0.03229472633459396
2020-08-28,10378.77598251065,0.003747617999118713,0.03787759825106485,-0.028668136633163366
2020-08-31,10323.596048664247,-0.005316612858721204,0.03235960486642475,-0.033832332108025054
2020-09-01,10459.288935104047,0.013143955439573363,0.045928893510404745,-0.021133067334096256
2020-09-02,10560.212232076608,0.00964915469863703,0.0560212232076609,-0.011687828871422612
2020-09-03,10454.530816602897,-0.01000750867039435,0.04545308166028961,-0.0215783714930482
2020-09-04,10332.520402533644,-0.011670577686325956,0.03325204025336448,-0.03299711711852005
2020-09-08,10322.488931854856,-0.0009708638636056754,0.03224889318548563,-0.03393594527351229
2020-09-09,10393.852752353348,0.006913431534740333,0.03938527523533475,-0.02725712757298715
2020-09-10,10391.254007039059,-0.00025002714356348044,0.03912540070390591,-0.0275003396948017
2020-09-11,10429.554634069767,0.0036858522565961227,0.042955463406976646,-0.023915849627326846
2020-09-14,10499.625001320956,0.006718442897100552,0.04996250013209558,-0.017358084000283158
2020-09-15,10490.09967577091,-0.0009072062620185672,0.049009967577090974,-0.018249542899799964
2020-09-16,10510.166707681583,0.001912949593512625,0.0510166707681583,-0.016371503761959394
2020-09-17,10505.676609527885,-0.0004272147415526062,0.05056766095278853,-0.016791724355763482
2020-09-18,10442.798037811493,-0.005985199626206472,0.044279803781149374,-0.022676422159632503
2020-09-21,10379.21617785033,-0.006088584661978924,0.037921617785033,-0.02862693950546169
2020-09-22,10356.982553245452,-0.002142129446376262,0.03569825532454529,-0.030707746341763653
2020-09-23,10287.716407873399,-0.006687869272344105,0.028771640787339958,-0.037190246220925705
2020-09-24,10309.2962447995,0.0020976313955918258,0.030929624479949958,-0.035170626253416715
2020-09-25,10329.011421375199,0.0019123688084572432,0.03290114213751982,-0.03332551665358041
2020-09-28,10424.85160003033,0.0092787368263334,0.04248516000303293,-0.02435599852587733
2020-09-29,10404.961362089622,-0.001907963652993394,0.0404961362089622,-0.026217491818951055
2020-09-30,10376.237790692487,-0.0027605649264387244,0.03762377906924863,-0.028905681657015125
2020-10-01,10430.373560138627,0.005217283040168885,0.043037356013862604,-0.023839207739519863
2020-10-02,10395.734255218518,-0.0033210032910506726,0.039573425521851835,-0.02708104094321162
2020-10-05,10341.806410142754,-0.0051874974630765625,0.034180641014275315,-0.03212805557509779
2020-10-06,10322.773385503928,-0.0018403965307414172,0.03227733855039272,-0.033909323743819386
2020-10-07,10350.425310450948,0.0026787302127402324,0.035042531045094805,-0.03132142746108524
2020-10-08,10436.715841345314,0.008336906774955244,0.04367158413453143,-0.023245644506931673
2020-10-09,10467.485440449947,0.00294820703872567,0.046748544044994844,-0.020365970440961112
2020-10-12,10487.336987669369,0.0018964962819731923,0.048733698766936895,-0.01850809814620802
2020-10-13,10493.638679397813,0.0006008857859580718,0.0493638679397812,-0.017918333613351045
2020-10-14,10496.096397235904,0.00023421025948966445,0.04960963972359034,-0.017688320011426617
2020-10-15,10476.460230521781,-0.0018708066285760827,0.047646023052178244,-0.019526035213677018
2020-10-16,10447.295899876646,-0.002783796244476666,0.04472958998766452,-0.022255474954656296
2020-10-19,10386.041015879202,-0.005863228588956493,0.03860410158792016,-0.02798821460659784
2020-10-20,10329.803240592959,-0.00541474611935977,0.03298032405929585,-0.033251411649528606
2020-10-21,10292.563227796281,-0.0036051037884570203,0.029256322779628086,-0.036736640647876406
2020-10-22,10223.924950155662,-0.006668725381764329,0.022392495015566283,-0.04316037946171147
2020-10-23,10304.720475519429,0.007902593745324538,0.030472047551942882,-0.03559886466116702
2020-10-26,10263.488240096802,-0.00400129586441289,0.026348824009680083,-0.039457718935633435
2020-10-27,10268.235151903995,0.000462504725113666,0.026823515190399494,-0.039013463591969666
2020-10-28,10173.697620983528,-0.009206794499923121,0.017369762098352837,-0.047861069149871316
2020-10-29,10105.69592055078,-0.0066840693488366965,0.010569592055077903,-0.054225231793400774
2020-10-30,10042.068546504499,-0.006296189252725126,0.004206854650449898,-0.060180008724481815
2020-11-02,10165.861461524926,0.012327431788295984,0.016586146152492542,-0.048594441888755946
2020-11-03,10215.650644352037,0.004897684570614125,0.021565064435203674,-0.043934757566397975
2020-11-04,10431.41026920434,0.021120497593718035,0.04314102692043398,-0.023742183914141513
2020-11-05,10514.309827053547,0.007947109327484103,0.05143098270535473,-0.01598375631789639
2020-11-06,10427.3075376476,-0.00827465528760496,0.0427307537647601,-0.02412615153176967
2020-11-09,10350.094863917202,-0.007404852446484811,0.0350094863917203,-0.03135235338606013
2020-11-10,10384.909360473377,0.0033636886438157543,0.038490936047337776,-0.02809412429728586
2020-11-11,10447.672193636206,0.006043657290039972,0.0447672193636206,-0.022220258266362536
2020-11-12,10480.721433111723,0.0031633112968119104,0.04807214331117238,-0.01912723656354276
2020-11-13,10559.743163756675,0.007539722446519681,0.05597431637566741,-0.011731728171881062
2020-11-16,10628.844531303657,0.006543849265591373,0.06288445313036584,-0.0052646495670714
2020-11-17,10658.786244650522,0.0028170243020002594,0.06587862446505222,-0.002462455910843153
2020-11-18,10655.133977577769,-0.00034265318666903966,0.06551339775777687,-0.0028042653291472375
2020-11-19,10699.67523509057,0.004180262548226343,0.06996752350905688,0.0
2020-11-20,10757.376047665692,0.005392762986477173,0.07573760476656921,0.0
2020-11-23,10807.07347104247,0.004619846248431703,0.08070734710424698,0.0
2020-11-24,10827.191857646862,0.0018615943213766695,0.08271918576468607,0.0
2020-11-25,10748.510376754692,-0.007267025644936753,0.07485103767546919,-0.007267025644936753
2020-11-27,10838.574635922538,0.008379231727088765,0.08385746359225377,0.0
2020-11-30,10751.385445863858,-0.008044340975399744,0.07513854458638569,-0.008044340975399744
2020-12-01,10721.039928988757,-0.0028224750222097805,0.07210399289887581,-0.010844111046136362
2020-12-02,10684.841171809008,-0.003376422195935591,0.06848411718090075,-0.014183918944840501
2020-12-03,10795.41433600882,0.010348601576928296,0.07954143360088195,-0.003982101093871759
2020-12-04,10735.845636770535,-0.005517963218844679,0.07358456367705357,-0.009478091225346708
2020-12-07,10813.164437990177,0.00720192929701069,0.0813164437990177,-0.0023444224712115824
2020-12-08,10811.663438462007,-0.00013881223547262955,0.0811663438462007,-0.0024829092721601054
2020-12-09,10802.436326103245,-0.0008534405839841774,0.08024363261032441,-0.0033342308406050236
2020-12-10,10884.977953480986,0.007641019570583829,0.08849779534809854,0.0
2020-12-11,10862.553748527078,-0.0020601056841587084,0.08625537485270773,-0.0020601056841587084
2020-12-14,10822.978996838801,-0.003643227237761004,0.08229789968388013,-0.005695827488778504
2020-12-15,10894.948059486103,0.006649653729192684,0.08949480594861026,0.0
2020-12-16,10879.511260043766,-0.001416876827503244,0.0879511260043766,-0.001416876827503244
2020-12-17,10891.88763457392,0.001137585525152085,0.08918876345739202,-0.0002809031209211055
2020-12-18,10898.387151332216,0.0005967300596880776,0.08983871513322161,0.0
2020-12-21,10822.117973201324,-0.00699820781477456,0.0822117973201324,-0.00699820781477456
2020-12-22,10840.578894545328,0.0017058510533445315,0.08405788945453274,-0.005304294661602427
2020-12-23,10870.515860052774,0.002761565207787031,0.0870515860052774,-0.002557377609404776
2020-12-24,10936.558779818019,0.006075417267725092,0.09365587798180175,0.0
2020-12-28,10950.29510311582,0.0012560005001893693,0.09502951031158213,0.0
2020-12-29,10955.50180943187,0.0004754854793427299,0.0955501809431869,0.0
2020-12-30,11004.93881311809,0.004512527545169842,0.10049388131180903,0.0
2020-12-31,11034.503901983166,0.0026865291454263307,0.10345039019831659,0.0
