ticker,year,start_date,end_date,n_price_days,n_return_days,start_price,end_price,total_return,annualized_return,annualized_volatility,sharpe_ratio
GLD,2016,2016-01-04,2016-12-30,252,251,102.8,110.05,0.07052529182879375,0.08065241037209016,0.15670137987323104,0.19561034112710093
GLD,2017,2017-01-03,2017-12-29,251,251,110.25,123.9,0.12380952380952381,0.12439503198924079,0.10369991792700342,0.7174068550527594
GLD,2018,2018-01-02,2018-12-31,251,251,125.4,121.26,-0.03301435406698561,-0.01682212551649809,0.09819914993844597,-0.6804756004342615
GLD,2019,2019-01-02,2019-12-31,252,252,121.61,143.0,0.17589014061343633,0.1724087916489826,0.12244933956122794,0.9996688596901327
GLD,2020,2020-01-02,2020-12-31,253,253,144.2,178.45,0.23751733703190014,0.24080319898507963,0.20053758184708814,0.951458560673026
GLD,2021,2021-01-04,2021-12-31,252,252,181.82,171.02,-0.05939940600593985,-0.03381990102266241,0.13197795895316491,-0.6351052985476736
GLD,2022,2022-01-03,2022-12-30,251,251,168.52,169.64,0.0066460954189411225,0.002999398928427585,0.14955949146577127,-0.31426023591641555
GLD,2023,2023-01-03,2023-12-29,250,250,171.15,191.2,0.11714869997078581,0.12950405234828377,0.13374943828122385,0.5944253177431459
GLD,2024,2024-01-02,2024-12-31,252,252,190.96,242.48,0.2697947214076246,0.2493165083121014,0.15250673372330656,1.3069357886434179
GLD,2025,2025-01-02,2025-12-31,250,250,245.21,396.2007,0.615760776477305,0.5151657856738387,0.19894257423216544,2.3381912467413413
DBA,2016,2016-01-04,2016-12-30,252,251,17.5458,17.1675,-0.02156071538487836,-0.014196517064123018,0.12410240156386088,-0.5172866621045092
DBA,2017,2017-01-03,2017-12-29,251,251,17.159,16.1274,-0.060120053616178004,-0.057232423687724514,0.10517079921399684,-1.0196026319960996
DBA,2018,2018-01-02,2018-12-31,251,251,16.3079,14.7185,-0.09746196628627835,-0.08540649143527908,0.1129475114149219,-1.1988443989514057
DBA,2019,2019-01-02,2019-12-31,252,252,14.6924,14.6145,-0.005302060929460062,-0.0013098176840921072,0.10775516891033059,-0.47617036104124183
DBA,2020,2020-01-02,2020-12-31,253,253,14.5616,14.2439,-0.02181765740028574,-0.01527484400142654,0.14355842018809273,-0.4546918523894475
DBA,2021,2021-01-04,2021-12-31,252,252,14.2174,17.4297,0.22594145202357674,0.21253903946057218,0.14586367270776263,1.114321588393147
DBA,2022,2022-01-03,2022-12-30,251,251,17.3591,17.8433,0.027893151142628136,0.038186691659927684,0.171349435476941,-0.06894279112849526
DBA,2023,2023-01-03,2023-12-29,250,250,17.6748,19.2066,0.08666576142304305,0.08205434532250776,0.12540384379244376,0.2556089538655688
DBA,2024,2024-01-02,2024-12-31,252,252,19.3921,25.9053,0.3358687300498657,0.31961291911534817,0.20143538057336968,1.3384586081547174
DBA,2025,2025-01-02,2025-12-31,250,250,25.7509,25.52,-0.008966676892846581,0.0028606739145193563,0.1897188197924674,-0.24846942510524864
ASHR,2016,2016-01-04,2016-12-30,252,251,22.586,20.6058,-0.08767378021783401,-0.05698588346324769,0.26550471068030196,-0.4029528635824128
ASHR,2017,2017-01-03,2017-12-29,251,251,20.9925,27.5036,0.3101631535072049,0.29953069212864125,0.13802739575370557,1.8078345299936025
ASHR,2018,2018-01-02,2018-12-31,251,251,28.0176,19.4377,-0.3062325109930901,-0.30983270401935914,0.27763935046786553,-1.2960436026556934
ASHR,2019,2019-01-02,2019-12-31,252,252,19.2871,26.5333,0.37570189401206,0.3404296189973287,0.24165132148940943,1.2018540482513234
ASHR,2020,2020-01-02,2020-12-31,253,253,27.0883,36.1634,0.3350191780215075,0.3583407557775663,0.3157071188391401,0.976667098643008
ASHR,2021,2021-01-04,2021-12-31,252,252,36.705,35.595,-0.030241111565181833,0.008079119882252406,0.21923824400258643,-0.19121153021665802
ASHR,2022,2022-01-03,2022-12-30,251,251,35.5313,25.7986,-0.27391905165304964,-0.28202116758912454,0.28766381671945324,-1.1541985758776578
ASHR,2023,2023-01-03,2023-12-29,250,250,26.1025,22.6076,-0.1338913897136289,-0.11384675374229158,0.19653474861056897,-0.8336782930277219
ASHR,2024,2024-01-02,2024-12-31,252,252,22.1639,25.9688,0.1716710506724899,0.19479432943936947,0.3344933061146006,0.4328766130517469
ASHR,2025,2025-01-02,2025-12-31,250,250,25.2165,32.71,0.297166537782801,0.25365606676472485,0.2052049853311958,0.992451847288354
ELV,2016,2016-01-04,2016-12-30,252,251,133.1222,137.2055,0.030673321204126802,0.06368633853785417,0.25900551114209347,0.05284188153952324
ELV,2017,2017-01-03,2017-12-29,251,251,136.976,214.6825,0.5673001109683449,0.4751791024800819,0.22599175173577765,1.881392126988722
ELV,2018,2018-01-02,2018-12-31,251,251,216.1169,251.145,0.16207941165174966,0.1840253348746454,0.2307465907844835,0.5808334347172418
ELV,2019,2019-01-02,2019-12-31,252,252,243.8678,288.822,0.18433839973953114,0.18691344163750767,0.3077254705039826,0.4449207321489358
ELV,2020,2020-01-02,2020-12-31,253,253,287.7127,307.0485,0.06720523633471864,0.20971684810128546,0.5456690555870201,0.29269911215592975
ELV,2021,2021-01-04,2021-12-31,252,252,304.6483,443.2691,0.45501911548497054,0.39618606340607965,0.24074259064848783,1.4379925981254873
ELV,2022,2022-01-03,2022-12-30,251,251,444.5313,491.7358,0.10618937294179287,0.1412716877943601,0.27201164204401823,0.33554331391297615
ELV,2023,2023-01-03,2023-12-29,250,250,481.4116,457.8588,-0.04892445466623585,-0.03946565936710696,0.25466384433082284,-0.3513088385286683
ELV,2024,2024-01-02,2024-12-31,252,252,464.9176,361.8969,-0.22158915902516918,-0.20343745671007718,0.24985038673243296,-1.0143568718245997
ELV,2025,2025-01-02,2025-12-31,250,250,356.4265,345.2,-0.031497377439668406,0.01562539512518994,0.3529658585334146,-0.0973879032313146
BNO,2016,2016-01-04,2016-12-30,252,251,12.32,15.68,0.2727272727272727,0.3301966830142121,0.4215175220154013,0.6647331804251173
BNO,2017,2017-01-03,2017-12-29,251,251,15.39,18.1,0.17608836907082526,0.1722237157024478,0.23701814374349744,0.51567240284659
BNO,2018,2018-01-02,2018-12-31,251,251,18.1,15.33,-0.1530386740331492,-0.1269595806250146,0.2814380797918799,-0.6287691443740453
BNO,2019,2019-01-02,2019-12-31,252,252,15.56,20.85,0.3399742930591261,0.3517627900328172,0.2989204664406431,1.009508628251584
BNO,2020,2020-01-02,2020-12-31,253,253,20.97,12.88,-0.3857892226990939,-0.2906309046180372,0.6076482935079938,-0.5605724697284221
BNO,2021,2021-01-04,2021-12-31,252,252,12.64,20.91,0.6542721518987342,0.5374379318649241,0.3227367136527027,1.5103268740272808
BNO,2022,2022-01-03,2022-12-30,251,251,21.16,28.25,0.3350661625708884,0.43036463329523983,0.5063994788467596,0.7511157676572987
BNO,2023,2023-01-03,2023-12-29,250,250,27.2299,27.31,0.0029416193228766208,0.022251208738366304,0.3356857750530582,-0.08266299415650767
BNO,2024,2024-01-02,2024-12-31,252,252,27.06,29.95,0.10679970436068009,0.13582179590673182,0.29612818530205526,0.28981299371821795
BNO,2025,2025-01-02,2025-12-31,250,250,31.0,28.32,-0.08645161290322578,-0.0010763322589579937,0.33155686717923466,-0.15404999055967947
KSA,2016,2016-01-04,2016-12-30,194,193,18.3899,20.3807,0.10825507479649166,0.1676579996596608,0.25938424190762027,0.45360504090130777
KSA,2017,2017-01-03,2017-12-29,250,250,20.4249,21.6327,0.05913370444898125,0.07065543437344028,0.14593847197418947,0.14153522435875154
KSA,2018,2018-01-02,2018-12-31,251,251,21.4832,24.461,0.13861063528710793,0.14193694782056038,0.19331461514938453,0.4755819819909415
KSA,2019,2019-01-02,2019-12-31,252,252,24.7827,26.7348,0.07876865716810522,0.10255457878922603,0.16506606632071713,0.31838511670299613
KSA,2020,2020-01-02,2020-12-31,253,253,27.098,27.4444,0.012783231234777537,0.10407941335681514,0.3941498936981387,0.1372051958441782
KSA,2021,2021-01-04,2021-12-31,252,252,27.4444,36.3287,0.3237199574412264,0.29040659101582755,0.14018958617573032,1.7148676843547659
KSA,2022,2022-01-03,2022-12-30,251,251,36.7463,34.1273,-0.0712724818553161,-0.04316496918579477,0.1981855936559258,-0.4700895129014294
KSA,2023,2023-01-03,2023-12-29,250,250,34.7969,39.2635,0.12836200925944552,0.15452445623947925,0.16304008353781857,0.6410966798556251
KSA,2024,2024-01-02,2024-12-31,252,252,39.8942,39.1903,-0.01764416882654618,0.012518049600079628,0.16980849022934624,-0.22073072052696902
KSA,2025,2025-01-02,2025-12-31,250,250,39.3055,36.41,-0.07366653521771771,-0.057999116397740164,0.18094317820807015,-0.5968675772542794
XBI,2016,2016-01-04,2016-12-30,252,251,67.071,58.5354,-0.12726215502974458,-0.05814827263570115,0.39702684256215076,-0.2723953673705867
XBI,2017,2017-01-03,2017-12-29,251,251,58.8515,84.0621,0.4283765069709353,0.3896042217065436,0.22872378063447307,1.4847788050918511
XBI,2018,2018-01-02,2018-12-31,251,251,86.182,71.3674,-0.17189900443248007,-0.1184255079420033,0.303248206623842,-0.5554047946965215
XBI,2019,2019-01-02,2019-12-31,252,252,70.4839,94.7607,0.34443043021172204,0.31894775073043113,0.266497041347182,1.0091960097225112
XBI,2020,2020-01-02,2020-12-31,253,253,93.9267,140.1705,0.49233923900232845,0.46590998215301105,0.3889228372435581,1.069389458075337
XBI,2021,2021-01-04,2021-12-31,252,252,140.0015,111.4613,-0.2038563872529937,-0.17591047550384198,0.326872331504182,-0.6911275557165097
XBI,2022,2022-01-03,2022-12-30,251,251,114.9218,82.6339,-0.28095539749638454,-0.1928123894194532,0.4640369798131137,-0.5232608606263309
XBI,2023,2023-01-03,2023-12-29,250,250,80.8738,88.8958,0.09919157996780159,0.1131132317346984,0.28200990060459713,0.22379792907763452
XBI,2024,2024-01-02,2024-12-31,252,252,89.8605,89.8789,0.00020476182527362496,0.04465882953893541,0.2599883433617036,-0.02054388436036072
XBI,2025,2025-01-02,2025-12-31,250,250,91.2533,121.95,0.3363900264428794,0.3467029550169697,0.2795591625861474,1.0613243804003003
HYD,2016,2016-01-04,2016-12-30,252,251,37.2764,38.5296,0.033619126310480585,0.03528033160577132,0.06447398325120285,-0.22830400189295064
HYD,2017,2017-01-03,2017-12-29,251,251,38.4647,44.1798,0.14858038669221396,0.13814674618433756,0.038108378856854114,2.3130542108716234
HYD,2018,2018-01-02,2018-12-31,251,251,44.2648,46.4598,0.04958793443096998,0.050950868438627894,0.029226376428011094,0.032534599045147515
HYD,2019,2019-01-02,2019-12-31,252,252,46.5055,50.8012,0.09236971971057195,0.08978736878975602,0.02968568646867561,1.3402879812713684
HYD,2020,2020-01-02,2020-12-31,253,253,50.8012,50.3874,-0.00814547687849898,0.05990671045614694,0.36318004518693414,0.0272776838580099
HYD,2021,2021-01-04,2021-12-31,252,252,50.24,52.472,0.04442675159235665,0.04095958421585111,0.028946647936460356,-0.31231304584880276
HYD,2022,2022-01-03,2022-12-30,251,251,52.3459,44.0909,-0.15770098517744469,-0.16562635694187886,0.13432624956302172,-1.6052436336407476
HYD,2023,2023-01-03,2023-12-29,250,250,44.2828,46.6971,0.054520039383236796,0.06056820482132327,0.0732533182670077,0.1442692982562544
HYD,2024,2024-01-02,2024-12-31,252,252,46.552,48.7947,0.048176233029730176,0.04577312293484204,0.06057679761921194,-0.06977716273032913
HYD,2025,2025-01-02,2025-12-31,250,250,48.7007,51.12,0.049676904028073565,0.05075691007564639,0.0875069940993973,0.008649709471069555
EWZ,2016,2016-01-04,2016-12-30,252,251,12.3002,20.4499,0.6625664623339458,0.5892901733836113,0.3972281676603105,1.3576332629180141
EWZ,2017,2017-01-03,2017-12-29,251,251,21.3547,25.5401,0.19599432443443354,0.2624759928039633,0.27721416899430257,0.7664687327303612
EWZ,2018,2018-01-02,2018-12-31,251,251,26.3041,24.897,-0.0534935618401694,0.036815633818497465,0.35485889678004245,-0.03715382734133563
EWZ,2019,2019-01-02,2019-12-31,252,252,26.2396,31.7205,0.20887894632540127,0.2800949786712492,0.27458954167362964,0.8379597317101554
EWZ,2020,2020-01-02,2020-12-31,253,253,32.2887,25.2643,-0.21754979296162436,-0.059184382839590585,0.5744386908896324,-0.19007142898138857
EWZ,2021,2021-01-04,2021-12-31,252,252,24.8962,20.5711,-0.17372530747664294,-0.15071205713334945,0.3306625116979045,-0.6069997354786966
EWZ,2022,2022-01-03,2022-12-30,251,251,20.0508,22.9833,0.14625351606918424,0.17579532376474913,0.36010008536002375,0.3493343347557956
EWZ,2023,2023-01-03,2023-12-29,250,250,21.2934,30.5259,0.43358505452393703,0.3231341463889366,0.27205076387142396,1.0039822807409013
EWZ,2024,2024-01-02,2024-12-31,252,252,30.0011,21.2778,-0.29076600524647433,-0.3351401128262871,0.22587743185925122,-1.7050845215305779
EWZ,2025,2025-01-02,2025-12-31,250,250,21.4856,31.74,0.47726849610902167,0.43773977645172507,0.2620965424374167,1.4793776859697012
VCLT,2016,2016-01-04,2016-12-30,252,251,55.0323,61.0766,0.10983186237900289,0.10818291576250286,0.08417227474096532,0.6912361100083962
VCLT,2017,2017-01-03,2017-12-29,251,251,61.1996,68.2205,0.11472133804796125,0.11323259091900999,0.06574070635659013,0.9618483649388303
VCLT,2018,2018-01-02,2018-12-31,251,251,67.5579,63.4202,-0.06124672318115276,-0.07096797585961767,0.0675736844936682,-1.7901639782710477
VCLT,2019,2019-01-02,2019-12-31,252,252,63.718,78.5711,0.23310681440095427,0.217217718328101,0.07636055724639236,2.189844133647953
VCLT,2020,2020-01-02,2020-12-31,253,253,78.8114,88.5024,0.12296444423014918,0.1447570408167078,0.22950403752605475,0.4128774458094244
VCLT,2021,2021-01-04,2021-12-31,252,252,87.9048,86.2933,-0.018332332250343475,-0.01818826463038581,0.11941042416300572,-0.5710411390659064
VCLT,2022,2022-01-03,2022-12-30,251,251,84.9725,64.3182,-0.2430704051310717,-0.2774386794606221,0.18729346806273803,-1.7482653444750107
VCLT,2023,2023-01-03,2023-12-29,250,250,65.0569,71.4666,0.09852452237964004,0.11782578273720926,0.15243934866510653,0.4449361882686568
VCLT,2024,2024-01-02,2024-12-31,252,252,71.11,70.111,-0.014048657010265697,-0.012625171733122165,0.11441958082562373,-0.5473291483960545
VCLT,2025,2025-01-02,2025-12-31,250,250,70.1204,75.89,0.08228133324966769,0.08608223545029606,0.11173899331044612,0.3229153438858021
IWS,2016,2016-01-04,2016-12-30,252,251,55.7388,67.3558,0.20841855224726769,0.20165931403614765,0.15193629799351807,0.9981769731063063
IWS,2017,2017-01-03,2017-12-29,251,251,67.9086,76.2259,0.12247785994704619,0.1276245270122082,0.0824898701097137,0.9410189021872082
IWS,2018,2018-01-02,2018-12-31,251,251,76.5251,66.4672,-0.13143269332545782,-0.12688864539285283,0.14570011090586404,-1.2140597854941888
IWS,2019,2019-01-02,2019-12-31,252,252,66.3105,84.2879,0.2711094019800784,0.24528299060380776,0.12381920247902112,1.5771624004515363
IWS,2020,2020-01-02,2020-12-31,253,253,84.0568,88.3827,0.05146401005034695,0.12794889401018433,0.39966320258593174,0.19503645445923812
IWS,2021,2021-01-04,2021-12-31,252,252,87.0847,113.242,0.3003661952099508,0.26045584148372725,0.1583631361904052,1.3289446429672198
IWS,2022,2022-01-03,2022-12-30,251,251,113.205,99.405,-0.1219027428117132,-0.10405579901667224,0.23176393131666326,-0.6647099837385094
IWS,2023,2023-01-03,2023-12-29,250,250,99.009,111.7558,0.1287438515690491,0.13093316581595427,0.16069307624568874,0.5036506096392914
IWS,2024,2024-01-02,2024-12-31,252,252,111.5252,126.1878,0.1314734248403051,0.13026345871289946,0.1326858791766048,0.6049133427835893
IWS,2025,2025-01-02,2025-12-31,250,250,125.7391,140.82,0.11993803041376938,0.128007321614503,0.18728758005256352,0.4165109164879472
UGL,2016,2016-01-04,2016-12-30,252,251,7.6,8.3,0.09210526315789491,0.14035909152540527,0.32338267313270797,0.27941846930161346
UGL,2017,2017-01-03,2017-12-29,251,251,8.4075,10.1675,0.20933690157597384,0.2239794354525606,0.20131383704527167,0.8642199562935952
UGL,2018,2018-01-02,2018-12-31,251,251,10.3975,9.3525,-0.10050492906948805,-0.06373068820312507,0.20133409140565042,-0.5648853972473994
UGL,2019,2019-01-02,2019-12-31,252,252,9.3425,12.2625,0.31255017393631257,0.2985882808250342,0.23525871254458758,1.0566591907958365
UGL,2020,2020-01-02,2020-12-31,253,253,12.425,17.05,0.37223340040241437,0.4127749888849637,0.41066378255668046,0.8833868587739241
UGL,2021,2021-01-04,2021-12-31,252,252,17.8425,14.9525,-0.16197281771052263,-0.09216888557241387,0.27893963739977656,-0.5096761682838832
UGL,2022,2022-01-03,2022-12-30,251,251,14.4825,13.8325,-0.044881753840842475,-0.030090988332915722,0.3108303583431722,-0.2576678441572663
UGL,2023,2023-01-03,2023-12-29,250,250,14.0475,15.9675,0.13667912439935925,0.18401130414620154,0.28163335635597325,0.47583605109906313
UGL,2024,2024-01-02,2024-12-31,252,252,15.895,23.32,0.46712802768166095,0.4291380083978752,0.3159891044883885,1.1998451940668327
UGL,2025,2025-01-02,2025-12-31,250,250,23.83,55.5325,1.330360889634914,0.9607489782130747,0.4112449384616652,2.214614437857626
INDA,2016,2016-01-04,2016-12-30,252,251,24.0556,24.1705,0.004776434593192436,0.024897279352530683,0.2007454939037243,-0.12504749252059605
INDA,2017,2017-01-03,2017-12-29,251,251,24.2787,32.8905,0.35470597684390026,0.3193959439544987,0.14126053199312433,1.907085724182401
INDA,2018,2018-01-02,2018-12-31,251,251,32.9543,30.6398,-0.07023362656770138,-0.04833376746652573,0.2139348431170201,-0.45964353460991947
INDA,2019,2019-01-02,2019-12-31,252,252,30.263,32.627,0.0781151901662096,0.0800017519073476,0.18595565162765246,0.16133820964700485
INDA,2020,2020-01-02,2020-12-31,253,253,33.0261,37.4648,0.1343997626119946,0.2331901980000667,0.43507070076944415,0.42105845711073103
INDA,2021,2021-01-04,2021-12-31,252,252,37.5486,45.4242,0.20974417155366631,0.20725767449676857,0.17077925154229423,0.9208242399271965
INDA,2022,2022-01-03,2022-12-30,251,251,46.1574,41.401,-0.10304739868363466,-0.07223762053377455,0.20474739707900505,-0.5970167253779897
INDA,2023,2023-01-03,2023-12-29,250,250,41.619,48.4888,0.1650640332540425,0.1688304143634377,0.13801957344861884,0.8609678424174759
INDA,2024,2024-01-02,2024-12-31,252,252,48.3201,52.71,0.09085039145200446,0.09416485651309259,0.14608686283612568,0.3023191521515178
INDA,2025,2025-01-02,2025-12-31,250,250,53.47,53.94,0.008789975687301332,0.03510876752319055,0.15442859401683648,-0.09642794828000534
EEM,2016,2016-01-04,2016-12-30,252,251,25.0213,28.4388,0.13658363074660396,0.1515224000898895,0.21444059927328468,0.47342900753839334
EEM,2017,2017-01-03,2017-12-29,251,251,28.7718,38.9938,0.3552784323539022,0.3245795979639043,0.12250073786662044,2.2414526046599677
EEM,2018,2018-01-02,2018-12-31,251,251,39.8056,33.0077,-0.17077747854573222,-0.14217329538200754,0.22427469305959125,-0.8568657157004597
EEM,2019,2019-01-02,2019-12-31,252,252,32.6438,39.1093,0.1980621128667619,0.18358178118158863,0.1668179836499844,0.8007636722301381
EEM,2020,2020-01-02,2020-12-31,253,253,39.8584,45.8063,0.14922575918752368,0.2069713981801199,0.3128010873808578,0.5018249760397921
EEM,2021,2021-01-04,2021-12-31,252,252,46.0719,43.9986,-0.04500139998567443,-0.02274605831359877,0.187291256061358,-0.38841139647099504
EEM,2022,2022-01-03,2022-12-30,251,251,44.1963,34.8584,-0.21128239241746471,-0.2021509386689239,0.2519921003354893,-1.0006303306064879
EEM,2023,2023-01-03,2023-12-29,250,250,35.0699,37.9777,0.08291440808214467,0.10072203465549719,0.16969616559447392,0.2988991205417603
EEM,2024,2024-01-02,2024-12-31,252,252,37.5432,40.9025,0.0894782543842827,0.08848842766366849,0.16949804442665242,0.22707298950769747
EEM,2025,2025-01-02,2025-12-31,250,250,40.7756,54.94,0.3473744101864842,0.3185442315336564,0.2057396947674388,1.3052621266752131
VNM,2016,2016-01-04,2016-12-30,252,251,13.1714,11.7592,-0.10721715231486406,-0.09098333988774572,0.21396477677373835,-0.6589091065060283
VNM,2017,2017-01-03,2017-12-29,251,251,11.9576,16.3199,0.36481400950023435,0.3384945832801312,0.1361455491604751,2.1190158992276853
VNM,2018,2018-01-02,2018-12-31,251,251,16.4295,13.5942,-0.17257372409385552,-0.1513989560478974,0.25319347946410864,-0.795435002805618
VNM,2019,2019-01-02,2019-12-31,252,252,13.7324,14.8379,0.08050304389618712,0.1000559466053017,0.1582852857511501,0.316238785985437
VNM,2020,2020-01-02,2020-12-31,253,253,15.0884,16.2975,0.08013440788950454,0.14809029049764613,0.32836456512928197,0.2987237385344138
VNM,2021,2021-01-04,2021-12-31,252,252,16.3534,19.8905,0.21629141340638647,0.21612959742305493,0.18349136228472715,0.9053810236869264
VNM,2022,2022-01-03,2022-12-30,251,251,19.9186,11.1867,-0.4383792033576658,-0.5379949187940349,0.2799994162461671,-2.09998623096088
VNM,2023,2023-01-03,2023-12-29,250,250,11.5929,12.8933,0.1121721053403375,0.18276844662474287,0.2821201677130204,0.47060955514459424
VNM,2024,2024-01-02,2024-12-31,252,252,12.6937,11.5062,-0.09355034387136929,-0.09498888643180581,0.19414940232427053,-0.7467902795273288
VNM,2025,2025-01-02,2025-12-31,250,250,11.5955,19.04,0.6420162994265017,0.5603583118005698,0.32642603877718085,1.563473041894619
FVD,2016,2016-01-04,2016-12-30,252,251,18.8005,22.8086,0.21319113853354965,0.20048832387217158,0.11324921337197359,1.3288244517680134
FVD,2017,2017-01-03,2017-12-29,251,251,22.8981,25.6628,0.12073927531105211,0.12016304779340074,0.05946696154771106,1.1798660292590883
FVD,2018,2018-01-02,2018-12-31,251,251,25.6212,24.7664,-0.03336299626871497,-0.028557302522705018,0.11948008817140042,-0.6574928402296663
FVD,2019,2019-01-02,2019-12-31,252,252,24.6131,31.3491,0.2736754004981088,0.2402121188586015,0.0939851740447427,2.0238523872717296
FVD,2020,2020-01-02,2020-12-31,253,253,31.2882,31.1535,-0.004305137400042125,0.0532855219899451,0.34454513108951407,0.009535824754091525
FVD,2021,2021-01-04,2021-12-31,252,252,30.7537,38.7796,0.26097347636219403,0.2250801026641469,0.10991670066682246,1.5928435042355082
FVD,2022,2022-01-03,2022-12-30,251,251,38.6174,36.7275,-0.048939079275145514,-0.03921798890641668,0.17570018560940143,-0.5077853992980801
FVD,2023,2023-01-03,2023-12-29,250,250,36.8287,38.2376,0.0382554909622117,0.04751177769309987,0.11770688571984002,-0.021139139751114276
FVD,2024,2024-01-02,2024-12-31,252,252,38.3695,42.0784,0.09666271387430125,0.10167888134574965,0.10919333125604663,0.4732787318720795
FVD,2025,2025-01-02,2025-12-31,250,250,41.8952,46.08,0.09988733792892734,0.10320207136899473,0.1532060879671995,0.3472582067390492
ECH,2016,2016-01-04,2016-12-30,252,251,23.4137,28.2811,0.20788683548520748,0.2109408553024832,0.2063408301494155,0.7799758059805357
ECH,2017,2017-01-03,2017-12-29,251,251,28.1451,40.3244,0.43273251827138637,0.37313583823691115,0.18405286247027214,1.7556686372595995
ECH,2018,2018-01-02,2018-12-31,251,251,41.2788,32.4555,-0.21374894619029616,-0.2003034415097591,0.1877826750435839,-1.3329421441656653
ECH,2019,2019-01-02,2019-12-31,252,252,32.6279,26.6817,-0.18224280447102015,-0.17109587142641214,0.22408426872151774,-0.9866639576613052
ECH,2020,2020-01-02,2020-12-31,253,253,27.2981,24.7786,-0.09229580080664956,0.01907179795502994,0.4260643427605234,-0.07259044923727348
ECH,2021,2021-01-04,2021-12-31,252,252,25.3281,19.5384,-0.2285880109443661,-0.18328096275804384,0.3285864710397307,-0.7099530361669604
ECH,2022,2022-01-03,2022-12-30,251,251,19.623,24.4422,0.24558935942516436,0.2891180505387003,0.3597074802466665,0.6647569585562332
ECH,2023,2023-01-03,2023-12-29,250,250,23.7565,26.6473,0.12168459158546097,0.1235910260841906,0.27076687994240506,0.27178739918207195
ECH,2024,2024-01-02,2024-12-31,252,252,26.364,24.3374,-0.07686997420725239,-0.06905599920677119,0.20807355336679959,-0.5721822753557487
ECH,2025,2025-01-02,2025-12-31,250,250,24.075,40.4,0.6780893042575284,0.5470795092887688,0.2677487237911692,1.856514952715391
ITB,2016,2016-01-04,2016-12-30,252,251,24.5642,25.7882,0.04982861237084868,0.07144118416427545,0.21289950268039645,0.10071035345001642
ITB,2017,2017-01-03,2017-12-29,251,251,26.051,41.1521,0.5796744846646962,0.4802129859819476,0.14583534369477869,2.9499912372569153
ITB,2018,2018-01-02,2018-12-31,251,251,41.2463,28.4071,-0.3112812543185691,-0.34148006464499314,0.24674213735023026,-1.5865959047332043
ITB,2019,2019-01-02,2019-12-31,252,252,28.3788,42.2412,0.4884773140513341,0.41377866776290895,0.18351482073241357,1.9822849528504376
ITB,2020,2020-01-02,2020-12-31,253,253,42.1365,53.5664,0.27125888481482807,0.38418582064808343,0.5385224976688782,0.6205605561414531
ITB,2021,2021-01-04,2021-12-31,252,252,52.6175,79.7675,0.5159880267971682,0.4354633078259771,0.2721152980613211,1.416544055303767
ITB,2022,2022-01-03,2022-12-30,251,251,77.6038,58.7987,-0.24232189660815595,-0.2349598517917753,0.37788361868675485,-0.7540942176379222
ITB,2023,2023-01-03,2023-12-29,250,250,59.6088,99.3057,0.6659570399001489,0.5628363659129657,0.26165188763791675,1.9599949021680554
ITB,2024,2024-01-02,2024-12-31,252,252,98.1049,101.3604,0.03318386747247071,0.05762321036887974,0.2735842647197809,0.02786421352371205
ITB,2025,2025-01-02,2025-12-31,250,250,101.8303,96.8,-0.04939885279725187,0.0013447342183512969,0.31149530721767915,-0.15619903303277513
URA,2016,2016-01-04,2016-12-30,252,251,9.9988,9.9372,-0.006160739288714523,0.028926085674955096,0.26600913758428557,-0.07922252038566754
URA,2017,2017-01-03,2017-12-29,251,251,10.246,11.8613,0.15765176654304103,0.24155701945690725,0.36148470538449273,0.5299173564014495
URA,2018,2018-01-02,2018-12-31,251,251,12.3578,9.2388,-0.2523912023175646,-0.2130514884824352,0.27524488104113454,-0.9556998389485868
URA,2019,2019-01-02,2019-12-31,252,252,9.2229,8.9113,-0.0337854687788004,-0.02181807259802726,0.16932481471835728,-0.4241438132826797
URA,2020,2020-01-02,2020-12-31,253,253,8.8952,12.5944,0.41586473603741325,0.40995657042575767,0.3594642861501016,1.001369494257492
URA,2021,2021-01-04,2021-12-31,252,252,12.7258,19.8236,0.5577488252212042,0.571672235991503,0.48832266500946886,1.068294128803928
URA,2022,2022-01-03,2022-12-30,251,251,20.9963,17.5889,-0.16228573605825802,0.021664458631389785,0.5347538676930054,-0.05298800640910418
URA,2023,2023-01-03,2023-12-29,250,250,17.729,25.5603,0.44172260138755726,0.42978797439674893,0.3259000777079472,1.1653509783360436
URA,2024,2024-01-02,2024-12-31,252,252,25.4396,25.6074,0.006596015660623511,0.06942423359580652,0.3685765733436992,0.052700673348800534
URA,2025,2025-01-02,2025-12-31,250,250,26.9819,42.6,0.5788361827743784,0.6333468659029783,0.4903749448360011,1.1895935386708436
XLP,2016,2016-01-04,2016-12-30,252,251,38.1699,40.8267,0.0696045837164887,0.07500874229057566,0.12209251878539847,0.20483435463014263
XLP,2017,2017-01-03,2017-12-29,251,251,40.9449,46.0517,0.124723714064511,0.12434719288445739,0.08277914829204143,0.8981391379162728
XLP,2018,2018-01-02,2018-12-31,251,251,45.8572,42.4703,-0.07385754036443559,-0.0701317356179417,0.14927274299600532,-0.8047801172994894
XLP,2019,2019-01-02,2019-12-31,252,252,41.7358,54.1771,0.29809659812439215,0.2504582714360042,0.1175187485506068,1.7057556679960846
XLP,2020,2020-01-02,2020-12-31,253,253,53.6625,59.2028,0.10324341952014904,0.1228998103241169,0.2622284696333886,0.2780011278944475
XLP,2021,2021-01-04,2021-12-31,252,252,58.3964,68.8667,0.1792970114596104,0.1582188593636017,0.11829291095030241,0.914838078581623
XLP,2022,2022-01-03,2022-12-30,251,251,69.0632,68.291,-0.011181063142165382,0.008143579608777249,0.18179450832479951,-0.23024029040767732
XLP,2023,2023-01-03,2023-12-29,250,250,68.0345,67.7325,-0.0044389243692537494,-0.0015287057398722405,0.11637026059865677,-0.442799607690034
XLP,2024,2024-01-02,2024-12-31,252,252,68.5506,75.9688,0.10821495362549705,0.12002423912115578,0.10264287818056148,0.6822123498717029
XLP,2025,2025-01-02,2025-12-31,250,250,75.7658,77.75,0.02618859696591347,0.033679319306352304,0.14388081656118204,-0.11343194376929117
XLU,2016,2016-01-04,2016-12-30,252,251,15.9739,18.5555,0.1616136322375874,0.16313216771688133,0.1592015460055531,0.7106222932843577
XLU,2017,2017-01-03,2017-12-29,251,251,18.5097,20.8038,0.12394042042820796,0.11966473099948385,0.09827625754728618,0.7088663400309507
XLU,2018,2018-01-02,2018-12-31,251,251,20.5866,21.6265,0.0505134407818677,0.050766029436555456,0.15376111199567294,0.004981945217572374
XLU,2019,2019-01-02,2019-12-31,252,252,21.1241,27.2795,0.2913922960031434,0.2392480465647261,0.11787150772704438,1.6055453112805573
XLU,2020,2020-01-02,2020-12-31,253,253,26.8835,27.1302,0.009176632506928017,0.061540847956308195,0.36603386864633874,0.03152945381526685
XLU,2021,2021-01-04,2021-12-31,252,252,26.4595,31.6472,0.19606190593170703,0.16564944008533822,0.1524449610049971,0.7586307826963677
XLU,2022,2022-01-03,2022-12-30,251,251,31.3683,32.1901,0.02619842324894872,0.04088760799320214,0.21861614598049942,-0.041682154654810774
XLU,2023,2023-01-03,2023-12-29,250,250,32.1217,29.8802,-0.06978148728118372,-0.05861647613793416,0.1815736964497628,-0.5981949933369661
XLU,2024,2024-01-02,2024-12-31,252,252,30.3184,36.9249,0.2179039791017996,0.22423671615501795,0.15813802656980117,1.101801508052277
XLU,2025,2025-01-02,2025-12-31,250,250,37.1388,42.73,0.15054875224832243,0.16238909853172837,0.17467808603583862,0.6434069726907218
